caldt,sprtrn
01/03/2000,-0.009549
01/04/2000,-0.038345
01/05/2000,0.001922
01/06/2000,0.000956
01/07/2000,0.027090
01/10/2000,0.011190
01/11/2000,-0.013063
01/12/2000,-0.004386
01/13/2000,0.012170
01/14/2000,0.010671
01/18/2000,-0.006832
01/19/2000,0.000522
01/20/2000,-0.007095
01/21/2000,-0.002912
01/24/2000,-0.027634
01/25/2000,0.006065
01/26/2000,-0.004213
01/27/2000,-0.003938
01/28/2000,-0.027457
01/31/2000,0.025218
02/01/2000,0.010628
02/02/2000,-0.000114
02/03/2000,0.011248
02/04/2000,-0.000421
02/07/2000,-0.000091
02/08/2000,0.012273
02/09/2000,-0.020822
02/10/2000,0.003634
02/11/2000,-0.020969
02/14/2000,0.002033
02/15/2000,0.008713
02/16/2000,-0.010256
02/17/2000,0.000425
02/18/2000,-0.030376
02/22/2000,0.004517
02/23/2000,0.006301
02/24/2000,-0.005336
02/25/2000,-0.014829
02/28/2000,0.011017
02/29/2000,0.013627
03/01/2000,0.009346
03/02/2000,0.001863
03/03/2000,0.019837
03/06/2000,-0.012695
03/07/2000,-0.025631
03/08/2000,0.008173
03/09/2000,0.025602
03/10/2000,-0.004723
03/13/2000,-0.008207
03/14/2000,-0.017685
03/15/2000,0.024280
03/16/2000,0.047639
03/17/2000,0.004114
03/20/2000,-0.005353
03/21/2000,0.025566
03/22/2000,0.004532
03/23/2000,0.017799
03/24/2000,0.000072
03/27/2000,-0.002357
03/28/2000,-0.010585
03/29/2000,0.000524
03/30/2000,-0.013656
03/31/2000,0.007164
04/03/2000,0.004931
04/04/2000,-0.007464
04/05/2000,-0.004924
04/06/2000,0.009392
04/07/2000,0.009998
04/10/2000,-0.007841
04/11/2000,-0.002572
04/12/2000,-0.022271
04/13/2000,-0.018171
04/14/2000,-0.058278
04/17/2000,0.033084
04/18/2000,0.028663
04/19/2000,-0.009808
04/20/2000,0.004953
04/24/2000,-0.003262
04/25/2000,0.033276
04/26/2000,-0.011134
04/27/2000,0.002690
04/28/2000,-0.008526
05/01/2000,0.010892
05/02/2000,-0.014957
05/03/2000,-0.021566
05/04/2000,-0.003908
05/05/2000,0.016360
05/08/2000,-0.005905
05/09/2000,-0.008447
05/10/2000,-0.020600
05/11/2000,0.017902
05/12/2000,0.009341
05/15/2000,0.022098
05/16/2000,0.009419
05/17/2000,-0.012442
05/18/2000,-0.007315
05/19/2000,-0.021055
05/22/2000,-0.004428
05/23/2000,-0.019176
05/24/2000,0.018335
05/25/2000,-0.012530
05/26/2000,-0.002533
05/30/2000,0.032242
05/31/2000,-0.001301
06/01/2000,0.019858
06/02/2000,0.019637
06/05/2000,-0.006519
06/06/2000,-0.006671
06/07/2000,0.009274
06/08/2000,-0.006586
06/09/2000,-0.003229
06/12/2000,-0.007516
06/13/2000,0.016210
06/14/2000,0.000749
06/15/2000,0.005569
06/16/2000,-0.009650
06/19/2000,0.014708
06/20/2000,-0.006763
06/21/2000,0.002155
06/22/2000,-0.018220
06/23/2000,-0.007368
06/26/2000,0.009594
06/27/2000,-0.003271
06/28/2000,0.002944
06/29/2000,-0.008544
06/30/2000,0.008465
07/03/2000,0.010271
07/05/2000,-0.015862
07/06/2000,0.007219
07/07/2000,0.015261
07/10/2000,-0.002218
07/11/2000,0.003565
07/12/2000,0.008130
07/13/2000,0.001956
07/14/2000,0.009453
07/17/2000,0.000338
07/18/2000,-0.011089
07/19/2000,-0.007886
07/20/2000,0.009184
07/21/2000,-0.010284
07/24/2000,-0.010742
07/25/2000,0.006952
07/26/2000,-0.014955
07/27/2000,-0.001928
07/28/2000,-0.020509
07/31/2000,0.007705
08/01/2000,0.005081
08/02/2000,0.000417
08/03/2000,0.009634
08/04/2000,0.007139
08/07/2000,0.011204
08/08/2000,0.002352
08/09/2000,-0.006697
08/10/2000,-0.008568
08/11/2000,0.007937
08/14/2000,0.013398
08/15/2000,-0.004780
08/16/2000,-0.003085
08/17/2000,0.010961
08/18/2000,-0.002908
08/21/2000,0.005202
08/22/2000,-0.000900
08/23/2000,0.005233
08/24/2000,0.001554
08/25/2000,-0.001233
08/28/2000,0.005072
08/29/2000,-0.002807
08/30/2000,-0.004802
08/31/2000,0.010043
09/01/2000,0.002036
09/05/2000,-0.009002
09/06/2000,-0.009840
09/07/2000,0.006876
09/08/2000,-0.005331
09/11/2000,-0.003506
09/12/2000,-0.004882
09/13/2000,0.001970
09/14/2000,-0.002721
09/15/2000,-0.010170
09/18/2000,-0.014531
09/19/2000,0.010654
09/20/2000,-0.005863
09/21/2000,-0.001578
09/22/2000,-0.000228
09/25/2000,-0.006689
09/26/2000,-0.008214
09/27/2000,-0.000448
09/28/2000,0.022235
09/29/2000,-0.014935
10/02/2000,-0.000195
10/03/2000,-0.006803
10/04/2000,0.005510
10/05/2000,0.001367
10/06/2000,-0.019000
10/09/2000,-0.004940
10/10/2000,-0.010706
10/11/2000,-0.016171
10/12/2000,-0.025509
10/13/2000,0.033381
10/16/2000,0.000327
10/17/2000,-0.017932
10/18/2000,-0.005808
10/19/2000,0.034743
10/20/2000,0.005883
10/23/2000,-0.000823
10/24/2000,0.001684
10/25/2000,-0.023767
10/26/2000,-0.000337
10/27/2000,0.011096
10/30/2000,0.013830
10/31/2000,0.021978
11/01/2000,-0.005723
11/02/2000,0.004996
11/03/2000,-0.001141
11/06/2000,0.003855
11/07/2000,-0.000223
11/08/2000,-0.015777
11/09/2000,-0.006486
11/10/2000,-0.024398
11/13/2000,-0.010776
11/14/2000,0.023452
11/15/2000,0.004960
11/16/2000,-0.012584
11/17/2000,-0.003352
11/20/2000,-0.018352
11/21/2000,0.003523
11/22/2000,-0.018548
11/24/2000,0.014678
11/27/2000,0.005366
11/28/2000,-0.009548
11/29/2000,0.004371
11/30/2000,-0.020105
12/01/2000,0.000213
12/04/2000,0.007406
12/05/2000,0.038922
12/06/2000,-0.018220
12/07/2000,-0.005853
12/08/2000,0.019605
12/11/2000,0.007526
12/12/2000,-0.006535
12/13/2000,-0.008161
12/14/2000,-0.014015
12/15/2000,-0.021463
12/18/2000,0.008071
12/19/2000,-0.012958
12/20/2000,-0.031296
12/21/2000,0.008002
12/22/2000,0.024403
12/26/2000,0.007060
12/27/2000,0.010440
12/28/2000,0.003988
12/29/2000,-0.010448
01/02/2001,-0.028032
01/03/2001,0.050099
01/04/2001,-0.010552
01/05/2001,-0.026242
01/08/2001,-0.001918
01/09/2001,0.003812
01/10/2001,0.009586
01/11/2001,0.010318
01/12/2001,-0.006406
01/16/2001,0.006319
01/17/2001,0.002126
01/18/2001,0.013915
01/19/2001,-0.004028
01/22/2001,0.000268
01/23/2001,0.013032
01/24/2001,0.002867
01/25/2001,-0.004977
01/26/2001,-0.001886
01/29/2001,0.006805
01/30/2001,0.007008
01/31/2001,-0.005620
02/01/2001,0.005461
02/02/2001,-0.017474
02/05/2001,0.003587
02/06/2001,-0.001514
02/07/2001,-0.008408
02/08/2001,-0.006235
02/09/2001,-0.013336
02/12/2001,0.011827
02/13/2001,-0.008652
02/14/2001,-0.002184
02/15/2001,0.008124
02/16/2001,-0.018905
02/20/2001,-0.017357
02/21/2001,-0.018508
02/22/2001,-0.001952
02/23/2001,-0.005555
02/26/2001,0.017490
02/27/2001,-0.007660
02/28/2001,-0.014309
03/01/2001,0.001040
03/02/2001,-0.005680
03/05/2001,0.005858
03/06/2001,0.009981
03/07/2001,0.006452
03/08/2001,0.002259
03/09/2001,-0.024764
03/12/2001,-0.043181
03/13/2001,0.014829
03/14/2001,-0.025842
03/15/2001,0.005871
03/16/2001,-0.019624
03/19/2001,0.017627
03/20/2001,-0.024077
03/21/2001,-0.017924
03/22/2001,-0.004064
03/23/2001,0.019909
03/26/2001,0.011282
03/27/2001,0.025575
03/28/2001,-0.024430
03/29/2001,-0.004630
03/30/2001,0.010784
04/02/2001,-0.012462
04/03/2001,-0.034393
04/04/2001,-0.002901
04/05/2001,0.043680
04/06/2001,-0.019984
04/09/2001,0.008117
04/10/2001,0.027066
04/11/2001,-0.002131
04/12/2001,0.015104
04/16/2001,-0.003228
04/17/2001,0.010282
04/18/2001,0.038890
04/19/2001,0.012551
04/20/2001,-0.008551
04/23/2001,-0.014980
04/24/2001,-0.012161
04/25/2001,0.015941
04/26/2001,0.004696
04/27/2001,0.015010
04/30/2001,-0.002865
05/01/2001,0.013590
05/02/2001,0.000782
05/03/2001,-0.014873
05/04/2001,0.014440
05/07/2001,-0.002447
05/08/2001,-0.001828
05/09/2001,-0.004488
05/10/2001,-0.000287
05/11/2001,-0.007577
05/14/2001,0.002609
05/15/2001,0.000416
05/16/2001,0.028453
05/17/2001,0.002724
05/18/2001,0.002693
05/21/2001,0.016154
05/22/2001,-0.002628
05/23/2001,-0.015526
05/24/2001,0.003196
05/25/2001,-0.011816
05/29/2001,-0.007794
05/30/2001,-0.015655
05/31/2001,0.006202
06/01/2001,0.003862
06/04/2001,0.005108
06/05/2001,0.012990
06/06/2001,-0.010549
06/07/2001,0.005457
06/08/2001,-0.009397
06/11/2001,-0.008356
06/12/2001,0.001164
06/13/2001,-0.011347
06/14/2001,-0.017502
06/15/2001,-0.004517
06/18/2001,-0.004883
06/19/2001,0.003434
06/20/2001,0.008709
06/21/2001,0.011364
06/22/2001,-0.009450
06/25/2001,-0.005509
06/26/2001,-0.001510
06/27/2001,-0.004676
06/28/2001,0.012493
06/29/2001,-0.001452
07/02/2001,0.010037
07/03/2001,-0.001827
07/05/2001,-0.012321
07/06/2001,-0.023498
07/09/2001,0.006879
07/10/2001,-0.014398
07/11/2001,-0.001134
07/12/2001,0.023691
07/13/2001,0.006241
07/16/2001,-0.010883
07/17/2001,0.009971
07/18/2001,-0.005542
07/19/2001,0.006053
07/20/2001,-0.003432
07/23/2001,-0.016369
07/24/2001,-0.016272
07/25/2001,0.016080
07/26/2001,0.010449
07/27/2001,0.002402
07/30/2001,-0.001078
07/31/2001,0.005571
08/01/2001,0.003880
08/02/2001,0.003964
08/03/2001,-0.005243
08/06/2001,-0.011422
08/07/2001,0.003265
08/08/2001,-0.017328
08/09/2001,-0.000084
08/10/2001,0.005687
08/13/2001,0.000949
08/14/2001,-0.003828
08/15/2001,-0.007339
08/16/2001,0.003090
08/17/2001,-0.016663
08/20/2001,0.008124
08/21/2001,-0.012079
08/22/2001,0.006956
08/23/2001,-0.002763
08/24/2001,0.019654
08/27/2001,-0.004827
08/28/2001,-0.015010
08/29/2001,-0.011115
08/30/2001,-0.017038
08/31/2001,0.004030
09/04/2001,-0.000565
09/05/2001,-0.001059
09/06/2001,-0.022390
09/07/2001,-0.018637
09/10/2001,0.006226
09/17/2001,-0.049216
09/18/2001,-0.005805
09/19/2001,-0.016112
09/20/2001,-0.031060
09/21/2001,-0.019034
09/24/2001,0.038983
09/25/2001,0.008790
09/26/2001,-0.005167
09/27/2001,0.011489
09/28/2001,0.021922
10/01/2001,-0.002296
10/02/2001,0.012306
10/03/2001,0.019927
10/04/2001,-0.002471
10/05/2001,0.001636
10/08/2001,-0.008344
10/09/2001,-0.005356
10/10/2001,0.022938
10/11/2001,0.015208
10/12/2001,-0.005267
10/15/2001,-0.001530
10/16/2001,0.006936
10/17/2001,-0.018633
10/18/2001,-0.007873
10/19/2001,0.004557
10/22/2001,0.015296
10/23/2001,-0.004698
10/24/2001,0.000387
10/25/2001,0.013721
10/26/2001,0.004109
10/29/2001,-0.023818
10/30/2001,-0.017166
10/31/2001,-0.000009
11/01/2001,0.022948
11/02/2001,0.002860
11/05/2001,0.014386
11/06/2001,0.014526
11/07/2001,-0.002735
11/08/2001,0.002456
11/09/2001,0.001582
11/12/2001,-0.001767
11/13/2001,0.018563
11/14/2001,0.001861
11/15/2001,0.000903
11/16/2001,-0.003143
11/19/2001,0.010899
11/20/2001,-0.007298
11/21/2001,-0.004927
11/23/2001,0.011706
11/26/2001,0.006155
11/27/2001,-0.006843
11/28/2001,-0.018251
11/29/2001,0.010350
11/30/2001,-0.000658
12/03/2001,-0.008381
12/04/2001,0.013187
12/05/2001,0.022318
12/06/2001,-0.002777
12/07/2001,-0.007531
12/10/2001,-0.015868
12/11/2001,-0.002781
12/12/2001,0.000273
12/13/2001,-0.015558
12/14/2001,0.003314
12/17/2001,0.010035
12/18/2001,0.007546
12/19/2001,0.005810
12/20/2001,-0.008377
12/21/2001,0.004351
12/24/2001,-0.000210
12/26/2001,0.004124
12/27/2001,0.006752
12/28/2001,0.003362
12/31/2001,-0.011145
01/02/2002,0.005740
01/03/2002,0.009180
01/04/2002,0.006213
01/07/2002,-0.006499
01/08/2002,-0.003588
01/09/2002,-0.004799
01/10/2002,0.001221
01/11/2002,-0.009468
01/14/2002,-0.006276
01/15/2002,0.006834
01/16/2002,-0.016245
01/17/2002,0.010030
01/18/2002,-0.009922
01/22/2002,-0.007334
01/23/2002,0.007925
01/24/2002,0.003519
01/25/2002,0.000998
01/28/2002,-0.000194
01/29/2002,-0.028613
01/30/2002,0.011748
01/31/2002,0.014934
02/01/2002,-0.007078
02/04/2002,-0.024737
02/05/2002,-0.004039
02/06/2002,-0.005972
02/07/2002,-0.003083
02/08/2002,0.014859
02/11/2002,0.014340
02/12/2002,-0.003993
02/13/2002,0.009941
02/14/2002,-0.001815
02/15/2002,-0.011017
02/19/2002,-0.018874
02/20/2002,0.013514
02/21/2002,-0.015510
02/22/2002,0.008224
02/25/2002,0.017975
02/26/2002,-0.000045
02/27/2002,0.000460
02/28/2002,-0.002847
03/01/2002,0.022634
03/04/2002,0.019491
03/05/2002,-0.006673
03/06/2002,0.014510
03/07/2002,-0.004498
03/08/2002,0.005849
03/11/2002,0.003393
03/12/2002,-0.002294
03/13/2002,-0.009858
03/14/2002,-0.000910
03/15/2002,0.011379
03/18/2002,-0.000523
03/19/2002,0.004067
03/20/2002,-0.015757
03/21/2002,0.001511
03/22/2002,-0.004239
03/25/2002,-0.014651
03/26/2002,0.005849
03/27/2002,0.005349
03/28/2002,0.002455
04/01/2002,-0.000741
04/02/2002,-0.008530
04/03/2002,-0.009993
04/04/2002,0.000835
04/05/2002,-0.003205
04/08/2002,0.002280
04/09/2002,-0.006656
04/10/2002,0.011335
04/11/2002,-0.023689
04/12/2002,0.006632
04/15/2002,-0.007615
04/16/2002,0.023418
04/17/2002,-0.002038
04/18/2002,-0.001421
04/19/2002,0.000623
04/22/2002,-0.015411
04/23/2002,-0.006201
04/24/2002,-0.007103
04/25/2002,-0.001519
04/26/2002,-0.013889
04/29/2002,-0.010099
04/30/2002,0.010765
05/01/2002,0.008859
05/02/2002,-0.001749
05/03/2002,-0.010262
05/06/2002,-0.019340
05/07/2002,-0.003021
05/08/2002,0.037504
05/09/2002,-0.014547
05/10/2002,-0.016794
05/13/2002,0.018550
05/14/2002,0.021144
05/15/2002,-0.005659
05/16/2002,0.006562
05/17/2002,0.007612
05/20/2002,-0.013293
05/21/2002,-0.010990
05/22/2002,0.005686
05/23/2002,0.010184
05/24/2002,-0.012087
05/28/2002,-0.008553
05/29/2002,-0.006412
05/30/2002,-0.002810
05/31/2002,0.002329
06/03/2002,-0.024795
06/04/2002,0.000010
06/05/2002,0.008850
06/06/2002,-0.019764
06/07/2002,-0.001574
06/10/2002,0.003124
06/11/2002,-0.016629
06/12/2002,0.006571
06/13/2002,-0.010488
06/14/2002,-0.002268
06/17/2002,0.028691
06/18/2002,0.000936
06/19/2002,-0.016536
06/20/2002,-0.013432
06/21/2002,-0.017043
06/24/2002,0.003619
06/25/2002,-0.016702
06/26/2002,-0.002674
06/27/2002,0.017575
06/28/2002,-0.000838
07/01/2002,-0.021378
07/02/2002,-0.021225
07/03/2002,0.006223
07/05/2002,0.036730
07/08/2002,-0.012184
07/09/2002,-0.024719
07/10/2002,-0.033962
07/11/2002,0.007496
07/12/2002,-0.006448
07/15/2002,-0.003755
07/16/2002,-0.018389
07/17/2002,0.005538
07/18/2002,-0.027019
07/19/2002,-0.038341
07/22/2002,-0.032922
07/23/2002,-0.027017
07/24/2002,0.057315
07/25/2002,-0.005620
07/26/2002,0.016884
07/29/2002,0.054078
07/30/2002,0.004249
07/31/2002,0.009792
08/01/2002,-0.029574
08/02/2002,-0.023082
08/05/2002,-0.034296
08/06/2002,0.029919
08/07/2002,0.020010
08/08/2002,0.032722
08/09/2002,0.003512
08/12/2002,-0.005327
08/13/2002,-0.021675
08/14/2002,0.040047
08/15/2002,0.011559
08/16/2002,-0.001591
08/19/2002,0.023633
08/20/2002,-0.013979
08/21/2002,0.012726
08/22/2002,0.014052
08/23/2002,-0.022686
08/26/2002,0.007536
08/27/2002,-0.013851
08/28/2002,-0.018132
08/29/2002,-0.000076
08/30/2002,-0.001885
09/03/2002,-0.041536
09/04/2002,0.017517
09/05/2002,-0.015950
09/06/2002,0.016800
09/09/2002,0.010113
09/10/2002,0.007331
09/11/2002,-0.000143
09/12/2002,-0.024784
09/13/2002,0.003270
09/16/2002,0.001450
09/17/2002,-0.019728
09/18/2002,-0.004648
09/19/2002,-0.030065
09/20/2002,0.002455
09/23/2002,-0.013828
09/24/2002,-0.017284
09/25/2002,0.024863
09/26/2002,0.018210
09/27/2002,-0.032259
09/30/2002,-0.014600
10/01/2002,0.040010
10/02/2002,-0.023587
10/03/2002,-0.010822
10/04/2002,-0.022431
10/07/2002,-0.019111
10/08/2002,0.016898
10/09/2002,-0.027287
10/10/2002,0.034966
10/11/2002,0.039059
10/14/2002,0.007327
10/15/2002,0.047336
10/16/2002,-0.024113
10/17/2002,0.022302
10/18/2002,0.005903
10/21/2002,0.017334
10/22/2002,-0.010626
10/23/2002,0.006718
10/24/2002,-0.015221
10/25/2002,0.017167
10/28/2002,-0.008266
10/29/2002,-0.009076
10/30/2002,0.009704
10/31/2002,-0.005557
11/01/2002,0.017160
11/04/2002,0.008191
11/05/2002,0.007761
11/06/2002,0.009144
11/07/2002,-0.022852
11/08/2002,-0.008763
11/11/2002,-0.020732
11/12/2002,0.007715
11/13/2002,-0.000476
11/14/2002,0.024634
11/15/2002,0.006149
11/18/2002,-0.010409
11/19/2002,-0.004021
11/20/2002,0.019415
11/21/2002,0.021452
11/22/2002,-0.003438
11/25/2002,0.002504
11/26/2002,-0.020978
11/27/2002,0.027986
11/29/2002,-0.002727
12/02/2002,-0.001901
12/03/2002,-0.014745
12/04/2002,-0.003454
12/05/2002,-0.012010
12/06/2002,0.006266
12/09/2002,-0.022176
12/10/2002,0.013957
12/11/2002,0.000564
12/12/2002,-0.003724
12/13/2002,-0.013432
12/16/2002,0.023519
12/17/2002,-0.008139
12/18/2002,-0.013145
12/19/2002,-0.007709
12/20/2002,0.013005
12/23/2002,0.001820
12/24/2002,-0.005471
12/26/2002,-0.003149
12/27/2002,-0.016029
12/30/2002,0.004558
12/31/2002,0.000489
01/02/2003,0.033200
01/03/2003,-0.000484
01/06/2003,0.022474
01/07/2003,-0.006545
01/08/2003,-0.014086
01/09/2003,0.019397
01/10/2003,-0.000011
01/13/2003,-0.001412
01/14/2003,0.005830
01/15/2003,-0.014426
01/16/2003,-0.003942
01/17/2003,-0.014017
01/21/2003,-0.015702
01/22/2003,-0.010432
01/23/2003,0.010224
01/24/2003,-0.029233
01/27/2003,-0.016160
01/28/2003,0.013050
01/29/2003,0.006779
01/30/2003,-0.022849
01/31/2003,0.013130
02/03/2003,0.005399
02/04/2003,-0.014088
02/05/2003,-0.005435
02/06/2003,-0.006449
02/07/2003,-0.010094
02/10/2003,0.007569
02/11/2003,-0.008098
02/12/2003,-0.012687
02/13/2003,-0.001600
02/14/2003,0.021435
02/18/2003,0.019500
02/19/2003,-0.007096
02/20/2003,-0.009501
02/21/2003,0.013224
02/24/2003,-0.018381
02/25/2003,0.007195
02/26/2003,-0.013141
02/27/2003,0.011758
02/28/2003,0.004622
03/03/2003,-0.007537
03/04/2003,-0.015357
03/05/2003,0.009562
03/06/2003,-0.009339
03/07/2003,0.008259
03/10/2003,-0.025830
03/11/2003,-0.008359
03/12/2003,0.004321
03/13/2003,0.034457
03/14/2003,0.001647
03/17/2003,0.035427
03/18/2003,0.004242
03/19/2003,0.008737
03/20/2003,0.001888
03/21/2003,0.022977
03/24/2003,-0.035231
03/25/2003,0.012161
03/26/2003,-0.005476
03/27/2003,-0.001644
03/28/2003,-0.005780
03/31/2003,-0.017742
04/01/2003,0.012144
04/02/2003,0.026116
04/03/2003,-0.005052
04/04/2003,0.002738
04/07/2003,0.001229
04/08/2003,-0.001864
04/09/2003,-0.014004
04/10/2003,0.006455
04/11/2003,-0.003763
04/14/2003,0.019498
04/15/2003,0.006303
04/16/2003,-0.012236
04/17/2003,0.015536
04/21/2003,-0.001757
04/22/2003,0.021704
04/23/2003,0.008394
04/24/2003,-0.008259
04/25/2003,-0.013846
04/28/2003,0.017835
04/29/2003,0.003279
04/30/2003,-0.001002
05/01/2003,-0.000676
05/02/2003,0.015039
05/05/2003,-0.003795
05/06/2003,0.008461
05/07/2003,-0.005105
05/08/2003,-0.010058
05/09/2003,0.014278
05/12/2003,0.012535
05/13/2003,-0.002973
05/14/2003,-0.003205
05/15/2003,0.007868
05/16/2003,-0.002504
05/19/2003,-0.024918
05/20/2003,-0.001129
05/21/2003,0.004012
05/22/2003,0.009151
05/23/2003,0.001449
05/27/2003,0.019567
05/28/2003,0.001829
05/29/2003,-0.003756
05/30/2003,0.014690
06/02/2003,0.003539
06/03/2003,0.004716
06/04/2003,0.015110
06/05/2003,0.003954
06/06/2003,-0.002404
06/09/2003,-0.011977
06/10/2003,0.009130
06/11/2003,0.012835
06/12/2003,0.001033
06/13/2003,-0.009915
06/16/2003,0.022385
06/17/2003,0.000910
06/18/2003,-0.001552
06/19/2003,-0.015236
06/20/2003,0.000995
06/23/2003,-0.014111
06/24/2003,0.001834
06/25/2003,-0.008267
06/26/2003,0.010776
06/27/2003,-0.009738
06/30/2003,-0.001762
07/01/2003,0.008025
07/02/2003,0.011646
07/03/2003,-0.008111
07/07/2003,0.018992
07/08/2003,0.003405
07/09/2003,-0.005586
07/10/2003,-0.013480
07/11/2003,0.009548
07/14/2003,0.005731
07/15/2003,-0.003427
07/16/2003,-0.006417
07/17/2003,-0.012344
07/18/2003,0.011806
07/21/2003,-0.014618
07/22/2003,0.009512
07/23/2003,0.000506
07/24/2003,-0.007091
07/25/2003,0.017400
07/28/2003,-0.002163
07/29/2003,-0.007265
07/30/2003,-0.001809
07/31/2003,0.002856
08/01/2003,-0.010259
08/04/2003,0.002724
08/05/2003,-0.017663
08/06/2003,0.001678
08/07/2003,0.007280
08/08/2003,0.003562
08/11/2003,0.003069
08/12/2003,0.009953
08/13/2003,-0.006382
08/14/2003,0.006585
08/15/2003,0.000162
08/18/2003,0.009155
08/19/2003,0.002611
08/20/2003,-0.002045
08/21/2003,0.002969
08/22/2003,-0.010177
08/25/2003,0.000655
08/26/2003,0.003039
08/27/2003,0.000060
08/28/2003,0.006069
08/29/2003,0.005155
09/02/2003,0.013869
09/03/2003,0.004188
09/04/2003,0.001656
09/05/2003,-0.006401
09/08/2003,0.010035
09/09/2003,-0.008210
09/10/2003,-0.011973
09/11/2003,0.005441
09/12/2003,0.002174
09/15/2003,-0.003750
09/16/2003,0.014298
09/17/2003,-0.003255
09/18/2003,0.013266
09/19/2003,-0.003155
09/22/2003,-0.013008
09/23/2003,0.006071
09/24/2003,-0.019096
09/25/2003,-0.006053
09/26/2003,-0.006399
09/29/2003,0.009761
09/30/2003,-0.010541
10/01/2003,0.022340
10/02/2003,0.001984
10/03/2003,0.009419
10/06/2003,0.004370
10/07/2003,0.004737
10/08/2003,-0.005263
10/09/2003,0.004788
10/10/2003,-0.000645
10/13/2003,0.007023
10/14/2003,0.003951
10/15/2003,-0.002592
10/16/2003,0.003162
10/17/2003,-0.010237
10/20/2003,0.005157
10/21/2003,0.001292
10/22/2003,-0.014980
10/23/2003,0.003310
10/24/2003,-0.004701
10/27/2003,0.002158
10/28/2003,0.015187
10/29/2003,0.001261
10/30/2003,-0.001116
10/31/2003,0.003601
11/03/2003,0.007909
11/04/2003,-0.005448
11/05/2003,-0.001367
11/06/2003,0.005933
11/07/2003,-0.004574
11/10/2003,-0.005792
11/11/2003,-0.000516
11/12/2003,0.011456
11/13/2003,-0.000142
11/14/2003,-0.007615
11/17/2003,-0.006398
11/18/2003,-0.009084
11/19/2003,0.008016
11/20/2003,-0.008432
11/21/2003,0.001577
11/24/2003,0.016227
11/25/2003,0.001720
11/26/2003,0.004327
11/28/2003,-0.000236
12/01/2003,0.011264
12/02/2003,-0.003271
12/03/2003,-0.001772
12/04/2003,0.004687
12/05/2003,-0.007684
12/08/2003,0.007348
12/09/2003,-0.008529
12/10/2003,-0.001066
12/11/2003,0.011482
12/12/2003,0.002735
12/15/2003,-0.005679
12/16/2003,0.006638
12/17/2003,0.001256
12/18/2003,0.011798
12/19/2003,-0.000468
12/22/2003,0.003922
12/23/2003,0.002818
12/24/2003,-0.001807
12/26/2003,0.001691
12/29/2003,0.012401
12/30/2003,0.000144
12/31/2003,0.002055
01/02/2004,-0.003094
01/05/2004,0.012395
01/06/2004,0.001292
01/07/2004,0.002367
01/08/2004,0.004963
01/09/2004,-0.008888
01/12/2004,0.004787
01/13/2004,-0.005332
01/14/2004,0.008295
01/15/2004,0.001353
01/16/2004,0.006872
01/20/2004,-0.000930
01/21/2004,0.007772
01/22/2004,-0.003207
01/23/2004,-0.002089
01/26/2004,0.012106
01/27/2004,-0.009798
01/28/2004,-0.013610
01/29/2004,0.004989
01/30/2004,-0.002628
02/02/2004,0.003651
02/03/2004,0.000678
02/04/2004,-0.008371
02/05/2004,0.001838
02/06/2004,0.012555
02/09/2004,-0.002581
02/10/2004,0.005027
02/11/2004,0.010667
02/12/2004,-0.004880
02/13/2004,-0.005468
02/17/2004,0.009757
02/18/2004,-0.004468
02/19/2004,-0.004133
02/20/2004,-0.002572
02/23/2004,-0.002727
02/24/2004,-0.001665
02/25/2004,0.004021
02/26/2004,0.001084
02/27/2004,0.000026
03/01/2004,0.009625
03/02/2004,-0.005934
03/03/2004,0.001688
03/04/2004,0.003336
03/05/2004,0.001723
03/08/2004,-0.008350
03/09/2004,-0.005779
03/10/2004,-0.014633
03/11/2004,-0.015224
03/12/2004,0.012460
03/15/2004,-0.014350
03/16/2004,0.005623
03/17/2004,0.011749
03/18/2004,-0.001273
03/19/2004,-0.011173
03/22/2004,-0.012958
03/23/2004,-0.001324
03/24/2004,-0.002395
03/25/2004,0.016365
03/26/2004,-0.001019
03/29/2004,0.013005
03/30/2004,0.004036
03/31/2004,-0.000701
04/01/2004,0.005292
04/02/2004,0.008515
04/05/2004,0.007672
04/06/2004,-0.002095
04/07/2004,-0.006645
04/08/2004,-0.001061
04/12/2004,0.005161
04/13/2004,-0.013762
04/14/2004,-0.001124
04/15/2004,0.000594
04/16/2004,0.005111
04/19/2004,0.001066
04/20/2004,-0.015557
04/21/2004,0.005312
04/22/2004,0.014091
04/23/2004,0.000588
04/26/2004,-0.004445
04/27/2004,0.002272
04/28/2004,-0.013795
04/29/2004,-0.007591
04/30/2004,-0.005916
05/03/2004,0.009203
05/04/2004,0.001843
05/05/2004,0.001769
05/06/2004,-0.006723
05/07/2004,-0.013725
05/10/2004,-0.010540
05/11/2004,0.007662
05/12/2004,0.001671
05/13/2004,-0.000766
05/14/2004,-0.000675
05/17/2004,-0.010587
05/18/2004,0.006817
05/19/2004,-0.002574
05/20/2004,0.000468
05/21/2004,0.004012
05/24/2004,0.001692
05/25/2004,0.016104
05/26/2004,0.001698
05/27/2004,0.005686
05/28/2004,-0.000535
06/01/2004,0.000464
06/02/2004,0.003380
06/03/2004,-0.007422
06/04/2004,0.005248
06/07/2004,0.015964
06/08/2004,0.001543
06/09/2004,-0.009499
06/10/2004,0.004543
06/14/2004,-0.009837
06/15/2004,0.005972
06/16/2004,0.001369
06/17/2004,-0.001332
06/18/2004,0.002624
06/21/2004,-0.004159
06/22/2004,0.003636
06/23/2004,0.008507
06/24/2004,-0.002981
06/25/2004,-0.005453
06/28/2004,-0.000952
06/29/2004,0.002515
06/30/2004,0.004084
07/01/2004,-0.010431
07/02/2004,-0.003153
07/06/2004,-0.008148
07/07/2004,0.001899
07/08/2004,-0.008244
07/09/2004,0.003336
07/12/2004,0.001384
07/13/2004,0.000709
07/14/2004,-0.003291
07/15/2004,-0.004301
07/16/2004,-0.004789
07/19/2004,-0.000445
07/20/2004,0.007058
07/21/2004,-0.013340
07/22/2004,0.002706
07/23/2004,-0.009701
07/26/2004,-0.001970
07/27/2004,0.009935
07/28/2004,0.000539
07/29/2004,0.004574
07/30/2004,0.001172
08/02/2004,0.004448
08/03/2004,-0.006262
08/04/2004,-0.000964
08/05/2004,-0.016320
08/06/2004,-0.015481
08/09/2004,0.001175
08/10/2004,0.012974
08/11/2004,-0.003012
08/12/2004,-0.011675
08/13/2004,0.001477
08/16/2004,0.013655
08/17/2004,0.002196
08/18/2004,0.012443
08/19/2004,-0.003598
08/20/2004,0.006525
08/23/2004,-0.002431
08/24/2004,0.000465
08/25/2004,0.008000
08/26/2004,0.000118
08/27/2004,0.002425
08/30/2004,-0.007781
08/31/2004,0.004631
09/01/2004,0.001512
09/02/2004,0.011212
09/03/2004,-0.004185
09/07/2004,0.006887
09/08/2004,-0.004486
09/09/2004,0.001890
09/10/2004,0.004954
09/13/2004,0.001691
09/14/2004,0.002229
09/15/2004,-0.007055
09/16/2004,0.002794
09/17/2004,0.004495
09/20/2004,-0.005627
09/21/2004,0.006327
09/22/2004,-0.013938
09/23/2004,-0.004670
09/24/2004,0.001579
09/27/2004,-0.005936
09/28/2004,0.005926
09/29/2004,0.004270
09/30/2004,-0.000197
10/01/2004,0.015181
10/04/2004,0.003243
10/05/2004,-0.000608
10/06/2004,0.006673
10/07/2004,-0.009982
10/08/2004,-0.007527
10/11/2004,0.002005
10/12/2004,-0.002268
10/13/2004,-0.007301
10/14/2004,-0.009303
10/15/2004,0.004450
10/18/2004,0.005252
10/19/2004,-0.009686
10/20/2004,0.000390
10/21/2004,0.002564
10/22/2004,-0.009715
10/25/2004,-0.000849
10/26/2004,0.014870
10/27/2004,0.012879
10/28/2004,0.001813
10/29/2004,0.002448
11/01/2004,0.000274
11/02/2004,0.000027
11/03/2004,0.011198
11/04/2004,0.016156
11/05/2004,0.003874
11/08/2004,-0.001098
11/09/2004,-0.000695
11/10/2004,-0.001005
11/11/2004,0.009089
11/12/2004,0.009110
11/15/2004,-0.000304
11/16/2004,-0.007079
11/17/2004,0.005538
11/18/2004,0.001362
11/19/2004,-0.011161
11/22/2004,0.005896
11/23/2004,-0.000255
11/24/2004,0.004095
11/26/2004,0.000753
11/29/2004,-0.003450
11/30/2004,-0.004030
12/01/2004,0.014951
12/02/2004,-0.000873
12/03/2004,0.000706
12/06/2004,-0.000772
12/07/2004,-0.011073
12/08/2004,0.004877
12/09/2004,0.005436
12/10/2004,-0.001043
12/13/2004,0.008990
12/14/2004,0.003921
12/15/2004,0.001945
12/16/2004,-0.002082
12/17/2004,-0.007472
12/20/2004,0.000360
12/21/2004,0.009040
12/22/2004,0.003418
12/23/2004,0.000463
12/27/2004,-0.004305
12/28/2004,0.007154
12/29/2004,-0.000074
12/30/2004,0.000082
12/31/2004,-0.001343
01/03/2005,-0.008119
01/04/2005,-0.011671
01/05/2005,-0.003628
01/06/2005,0.003506
01/07/2005,-0.001431
01/10/2005,0.003423
01/11/2005,-0.006100
01/12/2005,0.003981
01/13/2005,-0.008630
01/14/2005,0.006005
01/18/2005,0.009675
01/19/2005,-0.009490
01/20/2005,-0.007783
01/21/2005,-0.006415
01/24/2005,-0.003528
01/25/2005,0.004004
01/26/2005,0.004844
01/27/2005,0.000409
01/28/2005,-0.002716
01/31/2005,0.008460
02/01/2005,0.006891
02/02/2005,0.003178
02/03/2005,-0.002766
02/04/2005,0.011043
02/07/2005,-0.001089
02/08/2005,0.000483
02/09/2005,-0.008575
02/10/2005,0.004211
02/11/2005,0.006926
02/14/2005,0.000697
02/15/2005,0.003300
02/16/2005,0.000182
02/17/2005,-0.007923
02/18/2005,0.000700
02/22/2005,-0.014506
02/23/2005,0.005607
02/24/2005,0.007894
02/25/2005,0.009307
02/28/2005,-0.006414
03/01/2005,0.005658
03/02/2005,-0.000273
03/03/2005,0.000322
03/04/2005,0.009624
03/07/2005,0.002610
03/08/2005,-0.004799
03/09/2005,-0.010185
03/10/2005,0.001856
03/11/2005,-0.007583
03/14/2005,0.005625
03/15/2005,-0.007524
03/16/2005,-0.008082
03/17/2005,0.001801
03/18/2005,-0.000471
03/21/2005,-0.004934
03/22/2005,-0.010196
03/23/2005,0.000700
03/24/2005,-0.000947
03/28/2005,0.002441
03/29/2005,-0.007596
03/30/2005,0.013773
03/31/2005,-0.000694
04/01/2005,-0.006497
04/04/2005,0.002728
04/05/2005,0.004481
04/06/2005,0.002269
04/07/2005,0.005971
04/08/2005,-0.008345
04/11/2005,0.000008
04/12/2005,0.005545
04/13/2005,-0.011762
04/14/2005,-0.010002
04/15/2005,-0.016720
04/18/2005,0.002941
04/19/2005,0.005934
04/20/2005,-0.013255
04/21/2005,0.019736
04/22/2005,-0.006750
04/25/2005,0.008662
04/26/2005,-0.008915
04/27/2005,0.004029
04/28/2005,-0.011380
04/29/2005,0.011922
05/02/2005,0.004590
05/03/2005,-0.000852
05/04/2005,0.012470
05/05/2005,-0.002569
05/06/2005,-0.001092
05/09/2005,0.006394
05/10/2005,-0.010705
05/11/2005,0.004193
05/12/2005,-0.010033
05/13/2005,-0.004580
05/16/2005,0.010086
05/17/2005,0.006957
05/18/2005,0.010019
05/19/2005,0.004656
05/20/2005,-0.001511
05/23/2005,0.003851
05/24/2005,0.000176
05/25/2005,-0.003400
05/26/2005,0.006395
05/27/2005,0.000969
05/31/2005,-0.006073
06/01/2005,0.009039
06/02/2005,0.001680
06/03/2005,-0.006867
06/06/2005,0.001246
06/07/2005,-0.000209
06/08/2005,-0.002163
06/09/2005,0.005240
06/10/2005,-0.002348
06/13/2005,0.002262
06/14/2005,0.002573
06/15/2005,0.002218
06/16/2005,0.003630
06/17/2005,0.004955
06/20/2005,-0.000707
06/21/2005,-0.002048
06/22/2005,0.000222
06/23/2005,-0.010833
06/24/2005,-0.007629
06/27/2005,-0.000739
06/28/2005,0.009138
06/29/2005,-0.001431
06/30/2005,-0.007101
07/01/2005,0.002611
07/05/2005,0.008833
07/06/2005,-0.008340
07/07/2005,0.002452
07/08/2005,0.011679
07/11/2005,0.006255
07/12/2005,0.002272
07/13/2005,0.000884
07/14/2005,0.002624
07/15/2005,0.001158
07/18/2005,-0.005530
07/19/2005,0.006731
07/20/2005,0.004759
07/21/2005,-0.006606
07/22/2005,0.005411
07/25/2005,-0.003769
07/26/2005,0.001733
07/27/2005,0.004573
07/28/2005,0.005603
07/29/2005,-0.007671
08/01/2005,0.000948
08/02/2005,0.007099
08/03/2005,0.000739
08/04/2005,-0.007373
08/05/2005,-0.007638
08/08/2005,-0.002683
08/09/2005,0.006745
08/10/2005,-0.001827
08/11/2005,0.007062
08/12/2005,-0.005994
08/15/2005,0.002828
08/16/2005,-0.011776
08/17/2005,0.000738
08/18/2005,-0.001000
08/19/2005,0.000566
08/22/2005,0.001656
08/23/2005,-0.003405
08/24/2005,-0.006554
08/25/2005,0.002315
08/26/2005,-0.006013
08/29/2005,0.005958
08/30/2005,-0.003192
08/31/2005,0.009864
09/01/2005,0.001033
09/02/2005,-0.002922
09/06/2005,0.012619
09/07/2005,0.002408
09/08/2005,-0.003793
09/09/2005,0.007965
09/12/2005,-0.000741
09/13/2005,-0.007545
09/14/2005,-0.003281
09/15/2005,0.000464
09/16/2005,0.008292
09/19/2005,-0.005566
09/20/2005,-0.007863
09/21/2005,-0.009121
09/22/2005,0.003652
09/23/2005,0.000552
09/26/2005,0.000280
09/27/2005,0.000025
09/28/2005,0.001012
09/29/2005,0.008867
09/30/2005,0.000920
10/03/2005,-0.001717
10/04/2005,-0.009970
10/05/2005,-0.014887
10/06/2005,-0.004096
10/07/2005,0.003701
10/10/2005,-0.007166
10/11/2005,-0.002072
10/12/2005,-0.006068
10/13/2005,-0.000713
10/14/2005,0.008268
10/17/2005,0.002975
10/18/2005,-0.010050
10/19/2005,0.014956
10/20/2005,-0.015020
10/21/2005,0.001520
10/24/2005,0.016777
10/25/2005,-0.002368
10/26/2005,-0.004312
10/27/2005,-0.010475
10/28/2005,0.016549
10/31/2005,0.007176
11/01/2005,-0.003521
11/02/2005,0.009977
11/03/2005,0.004264
11/04/2005,0.000164
11/07/2005,0.002188
11/08/2005,-0.003451
11/09/2005,0.001690
11/10/2005,0.008446
11/11/2005,0.003055
11/14/2005,-0.000778
11/15/2005,-0.003850
11/16/2005,0.001790
11/17/2005,0.009414
11/18/2005,0.004401
11/21/2005,0.005271
11/22/2005,0.005084
11/23/2005,0.003473
11/25/2005,0.002086
11/28/2005,-0.008508
11/29/2005,0.000016
11/30/2005,-0.006362
12/01/2005,0.012157
12/02/2005,0.000324
12/05/2005,-0.002363
12/06/2005,0.001276
12/07/2005,-0.005009
12/08/2005,-0.001217
12/09/2005,0.002811
12/12/2005,0.000842
12/13/2005,0.005554
12/14/2005,0.004190
12/15/2005,-0.001414
12/16/2005,-0.002848
12/19/2005,-0.005839
12/20/2005,-0.000238
12/21/2005,0.002517
12/22/2005,0.004221
12/23/2005,0.000426
12/27/2005,-0.009553
12/28/2005,0.001297
12/29/2005,-0.002981
12/30/2005,-0.004887
01/03/2006,0.016430
01/04/2006,0.003673
01/05/2006,0.000016
01/06/2006,0.009399
01/09/2006,0.003656
01/10/2006,-0.000357
01/11/2006,0.003481
01/12/2006,-0.006274
01/13/2006,0.001205
01/17/2006,-0.003635
01/18/2006,-0.003897
01/19/2006,0.005564
01/20/2006,-0.018326
01/23/2006,0.001847
01/24/2006,0.002405
01/25/2006,-0.001721
01/26/2006,0.007235
01/27/2006,0.007764
01/30/2006,0.001153
01/31/2006,-0.003984
02/01/2006,0.001859
02/02/2006,-0.009061
02/03/2006,-0.005359
02/06/2006,0.000783
02/07/2006,-0.008095
02/08/2006,0.008663
02/09/2006,-0.001478
02/10/2006,0.002540
02/13/2006,-0.003260
02/14/2006,0.010033
02/15/2006,0.003504
02/16/2006,0.007328
02/17/2006,-0.001660
02/21/2006,-0.003271
02/22/2006,0.007513
02/23/2006,-0.003775
02/24/2006,0.001274
02/27/2006,0.003637
02/28/2006,-0.010401
03/01/2006,0.008261
03/02/2006,-0.001626
03/03/2006,-0.001482
03/06/2006,-0.006968
03/07/2006,-0.001862
03/08/2006,0.002030
03/09/2006,-0.004881
03/10/2006,0.007349
03/13/2006,0.001990
03/14/2006,0.010396
03/15/2006,0.004270
03/16/2006,0.001773
03/17/2006,0.001471
03/20/2006,-0.001660
03/21/2006,-0.006015
03/22/2006,0.006021
03/23/2006,-0.002582
03/24/2006,0.000983
03/27/2006,-0.001028
03/28/2006,-0.006438
03/29/2006,0.007470
03/30/2006,-0.002026
03/31/2006,-0.004168
04/03/2006,0.002301
04/04/2006,0.006257
04/05/2006,0.004311
04/06/2006,-0.001921
04/07/2006,-0.010343
04/10/2006,0.000849
04/11/2006,-0.007736
04/12/2006,0.001205
04/13/2006,0.000776
04/17/2006,-0.002940
04/18/2006,0.017365
04/19/2006,0.001744
04/20/2006,0.001168
04/21/2006,-0.000137
04/24/2006,-0.002417
04/25/2006,-0.004870
04/26/2006,0.002819
04/27/2006,0.003302
04/28/2006,0.000680
05/01/2006,-0.004135
05/02/2006,0.006145
05/03/2006,-0.004082
05/04/2006,0.003364
05/05/2006,0.010295
05/08/2006,-0.000830
05/09/2006,0.000362
05/10/2006,-0.001728
05/11/2006,-0.012798
05/12/2006,-0.011241
05/15/2006,0.002525
05/16/2006,-0.001869
05/17/2006,-0.016841
05/18/2006,-0.006699
05/19/2006,0.004137
05/22/2006,-0.003915
05/23/2006,-0.004350
05/24/2006,0.001584
05/25/2006,0.011370
05/26/2006,0.005719
05/30/2006,-0.015873
05/31/2006,0.008136
06/01/2006,0.012298
06/02/2006,0.001952
06/05/2006,-0.017800
06/06/2006,-0.001138
06/07/2006,-0.006092
06/08/2006,0.001417
06/09/2006,-0.004476
06/12/2006,-0.012697
06/13/2006,-0.010280
06/14/2006,0.005189
06/15/2006,0.021235
06/16/2006,-0.003678
06/19/2006,-0.009109
06/20/2006,-0.000016
06/21/2006,0.009741
06/22/2006,-0.005271
06/23/2006,-0.000883
06/26/2006,0.004869
06/27/2006,-0.009084
06/28/2006,0.005487
06/29/2006,0.021565
06/30/2006,-0.002098
07/03/2006,0.007865
07/05/2006,-0.007249
07/06/2006,0.002494
07/07/2006,-0.006750
07/10/2006,0.001470
07/11/2006,0.004087
07/12/2006,-0.010939
07/13/2006,-0.012959
07/14/2006,-0.004902
07/17/2006,-0.001383
07/18/2006,0.001920
07/19/2006,0.018555
07/20/2006,-0.008477
07/21/2006,-0.007077
07/24/2006,0.016625
07/25/2006,0.006321
07/26/2006,-0.000378
07/27/2006,-0.004100
07/28/2006,0.012152
07/31/2006,-0.001478
08/01/2006,-0.004496
08/02/2006,0.006004
08/03/2006,0.001345
08/04/2006,-0.000711
08/07/2006,-0.002806
08/08/2006,-0.003363
08/09/2006,-0.004349
08/10/2006,0.004629
08/11/2006,-0.003986
08/14/2006,0.001160
08/15/2006,0.013696
08/16/2006,0.007662
08/17/2006,0.001582
08/18/2006,0.003715
08/21/2006,-0.003670
08/22/2006,0.001002
08/23/2006,-0.004489
08/24/2006,0.002374
08/25/2006,-0.000748
08/28/2006,0.005166
08/29/2006,0.001920
08/30/2006,-0.000008
08/31/2006,-0.000345
09/01/2006,0.005515
09/05/2006,0.001709
09/06/2006,-0.009891
09/07/2006,-0.004799
09/08/2006,0.003787
09/11/2006,0.000477
09/12/2006,0.010442
09/13/2006,0.003777
09/14/2006,-0.001358
09/15/2006,0.002727
09/18/2006,0.000993
09/19/2006,-0.002172
09/20/2006,0.005211
09/21/2006,-0.005395
09/22/2006,-0.002466
09/25/2006,0.008815
09/26/2006,0.007517
09/27/2006,0.000187
09/28/2006,0.001915
09/29/2006,-0.002464
10/02/2006,-0.003391
10/03/2006,0.002096
10/04/2006,0.012075
10/05/2006,0.002222
10/06/2006,-0.002690
10/09/2006,0.000800
10/10/2006,0.002043
10/11/2006,-0.002564
10/12/2006,0.009541
10/13/2006,0.002047
10/16/2006,0.002512
10/17/2006,-0.003652
10/18/2006,0.001400
10/19/2006,0.000732
10/20/2006,0.001200
10/23/2006,0.006152
10/24/2006,0.000261
10/25/2006,0.003514
10/26/2006,0.004963
10/27/2006,-0.008452
10/30/2006,0.000428
10/31/2006,0.000007
11/01/2006,-0.007352
11/02/2006,-0.000344
11/03/2006,-0.002223
11/06/2006,0.011346
11/07/2006,0.002218
11/08/2006,0.002083
11/09/2006,-0.005333
11/10/2006,0.001865
11/13/2006,0.002549
11/14/2006,0.006356
11/15/2006,0.002405
11/16/2006,0.002284
11/17/2006,0.001029
11/20/2006,-0.000500
11/21/2006,0.001649
11/22/2006,0.002338
11/24/2006,-0.003656
11/27/2006,-0.013598
11/28/2006,0.003488
11/29/2006,0.009202
11/30/2006,0.000822
12/01/2006,-0.002799
12/04/2006,0.008885
12/05/2006,0.004002
12/06/2006,-0.001315
12/07/2006,-0.003971
12/08/2006,0.001812
12/11/2006,0.002270
12/12/2006,-0.001047
12/13/2006,0.001169
12/14/2006,0.008689
12/15/2006,0.001122
12/18/2006,-0.003230
12/19/2006,0.002158
12/20/2006,-0.001417
12/21/2006,-0.003674
12/22/2006,-0.005316
12/26/2006,0.004352
12/27/2006,0.007015
12/28/2006,-0.001479
12/29/2006,-0.004513
01/03/2007,-0.001199
01/04/2007,0.001228
01/05/2007,-0.006085
01/08/2007,0.002220
01/09/2007,-0.000517
01/10/2007,0.001940
01/11/2007,0.006340
01/12/2007,0.004853
01/16/2007,0.000818
01/17/2007,-0.000894
01/18/2007,-0.002971
01/19/2007,0.002895
01/22/2007,-0.005278
01/23/2007,0.003542
01/24/2007,0.008501
01/25/2007,-0.011270
01/26/2007,-0.001208
01/29/2007,-0.001097
01/30/2007,0.005772
01/31/2007,0.006593
02/01/2007,0.005354
02/02/2007,0.001694
02/05/2007,-0.000967
02/06/2007,0.000698
02/07/2007,0.001395
02/08/2007,-0.001179
02/09/2007,-0.007077
02/12/2007,-0.003261
02/13/2007,0.007597
02/14/2007,0.007644
02/15/2007,0.001038
02/16/2007,-0.000872
02/20/2007,0.002844
02/21/2007,-0.001404
02/22/2007,-0.000858
02/23/2007,-0.003564
02/26/2007,-0.001254
02/27/2007,-0.034725
02/28/2007,0.005561
03/01/2007,-0.002595
03/02/2007,-0.011403
03/05/2007,-0.009408
03/06/2007,0.015494
03/07/2007,-0.002465
03/08/2007,0.007127
03/09/2007,0.000685
03/12/2007,0.002673
03/13/2007,-0.020368
03/14/2007,0.006691
03/15/2007,0.003684
03/16/2007,-0.003828
03/19/2007,0.010894
03/20/2007,0.006334
03/21/2007,0.017081
03/22/2007,-0.000348
03/23/2007,0.001094
03/26/2007,0.000968
03/27/2007,-0.006184
03/28/2007,-0.007966
03/29/2007,0.003740
03/30/2007,-0.001174
04/02/2007,0.002597
04/03/2007,0.009280
04/04/2007,0.001113
04/05/2007,0.003050
04/09/2007,0.000589
04/10/2007,0.002617
04/11/2007,-0.006573
04/12/2007,0.006206
04/13/2007,0.003488
04/16/2007,0.010751
04/17/2007,0.002050
04/18/2007,0.000693
04/19/2007,-0.001202
04/20/2007,0.009261
04/23/2007,-0.002304
04/24/2007,-0.000351
04/25/2007,0.010139
04/26/2007,-0.000782
04/27/2007,-0.000120
04/30/2007,-0.007831
05/01/2007,0.002651
05/02/2007,0.006472
05/03/2007,0.004325
05/04/2007,0.002150
05/07/2007,0.002564
05/08/2007,-0.001166
05/09/2007,0.003223
05/10/2007,-0.013956
05/11/2007,0.009641
05/14/2007,-0.001793
05/15/2007,-0.001304
05/16/2007,0.008626
05/17/2007,-0.000918
05/18/2007,0.006610
05/21/2007,0.001543
05/22/2007,-0.000643
05/23/2007,-0.001207
05/24/2007,-0.009703
05/25/2007,0.005453
05/29/2007,0.001570
05/30/2007,0.007984
05/31/2007,0.000255
06/01/2007,0.003737
06/04/2007,0.001849
06/05/2007,-0.005347
06/06/2007,-0.008864
06/07/2007,-0.017570
06/08/2007,0.011370
06/11/2007,0.000962
06/12/2007,-0.010682
06/13/2007,0.015184
06/14/2007,0.004816
06/15/2007,0.006527
06/18/2007,-0.001213
06/19/2007,0.001731
06/20/2007,-0.013601
06/21/2007,0.006180
06/22/2007,-0.012896
06/25/2007,-0.003208
06/26/2007,-0.003238
06/27/2007,0.009009
06/28/2007,-0.000418
06/29/2007,-0.001567
07/02/2007,0.010696
07/03/2007,0.003580
07/05/2007,0.000348
07/06/2007,0.003304
07/09/2007,0.000921
07/10/2007,-0.014185
07/11/2007,0.005721
07/12/2007,0.019055
07/13/2007,0.003101
07/16/2007,-0.001919
07/17/2007,-0.000097
07/18/2007,-0.002065
07/19/2007,0.004469
07/20/2007,-0.012221
07/23/2007,0.004869
07/24/2007,-0.019804
07/25/2007,0.004666
07/26/2007,-0.023339
07/27/2007,-0.015992
07/30/2007,0.010254
07/31/2007,-0.012647
08/01/2007,0.007243
08/02/2007,0.004359
08/03/2007,-0.026586
08/06/2007,0.024151
08/07/2007,0.006159
08/08/2007,0.014072
08/09/2007,-0.029650
08/10/2007,0.000379
08/13/2007,-0.000495
08/14/2007,-0.018157
08/15/2007,-0.013908
08/16/2007,0.003249
08/17/2007,0.024567
08/20/2007,-0.000270
08/21/2007,0.001086
08/22/2007,0.011713
08/23/2007,-0.001072
08/24/2007,0.011535
08/27/2007,-0.008504
08/28/2007,-0.023473
08/29/2007,0.021922
08/30/2007,-0.004181
08/31/2007,0.011217
09/04/2007,0.010468
09/05/2007,-0.011501
09/06/2007,0.004252
09/07/2007,-0.016908
09/10/2007,-0.001273
09/11/2007,0.013632
09/12/2007,0.000048
09/13/2007,0.008420
09/14/2007,0.000202
09/17/2007,-0.005120
09/18/2007,0.029208
09/19/2007,0.006086
09/20/2007,-0.006723
09/21/2007,0.004609
09/24/2007,-0.005256
09/25/2007,-0.000343
09/26/2007,0.005411
09/27/2007,0.003907
09/28/2007,-0.003023
10/01/2007,0.013290
10/02/2007,-0.000265
10/03/2007,-0.004552
10/04/2007,0.002111
10/05/2007,0.009560
10/08/2007,-0.003217
10/09/2007,0.008096
10/10/2007,-0.001712
10/11/2007,-0.005158
10/12/2007,0.004754
10/15/2007,-0.008381
10/16/2007,-0.006573
10/17/2007,0.001761
10/18/2007,-0.000753
10/19/2007,-0.025616
10/22/2007,0.003798
10/23/2007,0.008803
10/24/2007,-0.002441
10/25/2007,-0.000976
10/26/2007,0.013788
10/29/2007,0.003713
10/30/2007,-0.006463
10/31/2007,0.011992
11/01/2007,-0.026423
11/02/2007,0.000802
11/05/2007,-0.004955
11/06/2007,0.012049
11/07/2007,-0.029370
11/08/2007,-0.000576
11/09/2007,-0.014287
11/12/2007,-0.009988
11/13/2007,0.029093
11/14/2007,-0.007069
11/15/2007,-0.013212
11/16/2007,0.005230
11/19/2007,-0.017460
11/20/2007,0.004486
11/21/2007,-0.015927
11/23/2007,0.016891
11/26/2007,-0.023239
11/27/2007,0.014930
11/28/2007,0.028560
11/29/2007,0.000477
11/30/2007,0.007770
12/03/2007,-0.005887
12/04/2007,-0.006540
12/05/2007,0.015190
12/06/2007,0.015037
12/07/2007,-0.001778
12/10/2007,0.007510
12/11/2007,-0.025271
12/12/2007,0.006050
12/13/2007,0.001224
12/14/2007,-0.013746
12/17/2007,-0.015021
12/18/2007,0.006280
12/19/2007,-0.001361
12/20/2007,0.004900
12/21/2007,0.016670
12/24/2007,0.008077
12/26/2007,0.000809
12/27/2007,-0.014216
12/28/2007,0.001436
12/31/2007,-0.006852
01/02/2008,-0.014438
01/03/2008,0.000000
01/04/2008,-0.024552
01/07/2008,0.003223
01/08/2008,-0.018352
01/09/2008,0.013624
01/10/2008,0.007948
01/11/2008,-0.013595
01/14/2008,0.010871
01/15/2008,-0.024925
01/16/2008,-0.005612
01/17/2008,-0.029093
01/18/2008,-0.006045
01/22/2008,-0.011085
01/23/2008,0.021442
01/24/2008,0.010063
01/25/2008,-0.015872
01/28/2008,0.017556
01/29/2008,0.006152
01/30/2008,-0.004764
01/31/2008,0.016772
02/01/2008,0.012238
02/04/2008,-0.010463
02/05/2008,-0.031995
02/06/2008,-0.007624
02/07/2008,0.007886
02/08/2008,-0.004204
02/11/2008,0.005889
02/12/2008,0.007266
02/13/2008,0.013604
02/14/2008,-0.013421
02/15/2008,0.000838
02/19/2008,-0.000896
02/20/2008,0.008341
02/21/2008,-0.012867
02/22/2008,0.007881
02/25/2008,0.013813
02/26/2008,0.006918
02/27/2008,-0.000919
02/28/2008,-0.008942
02/29/2008,-0.027090
03/03/2008,0.000534
03/04/2008,-0.003448
03/05/2008,0.005238
03/06/2008,-0.022014
03/07/2008,-0.008410
03/10/2008,-0.015463
03/11/2008,0.037130
03/12/2008,-0.008996
03/13/2008,0.005127
03/14/2008,-0.020783
03/17/2008,-0.008959
03/18/2008,0.042410
03/19/2008,-0.024287
03/20/2008,0.023944
03/24/2008,0.015321
03/25/2008,0.002304
03/26/2008,-0.008766
03/27/2008,-0.011460
03/28/2008,-0.007950
03/31/2008,0.005687
04/01/2008,0.035896
04/02/2008,-0.001934
04/03/2008,0.001302
04/04/2008,0.000796
04/07/2008,0.001562
04/08/2008,-0.005100
04/09/2008,-0.008092
04/10/2008,0.004474
04/11/2008,-0.020374
04/14/2008,-0.003384
04/15/2008,0.004600
04/16/2008,0.022691
04/17/2008,0.000623
04/18/2008,0.018139
04/21/2008,-0.001554
04/22/2008,-0.008810
04/23/2008,0.002900
04/24/2008,0.006442
04/25/2008,0.006495
04/28/2008,-0.001052
04/29/2008,-0.003889
04/30/2008,-0.003846
05/01/2008,0.017141
05/02/2008,0.003236
05/05/2008,-0.004534
05/06/2008,0.007652
05/07/2008,-0.018114
05/08/2008,0.003669
05/09/2008,-0.006725
05/12/2008,0.011021
05/13/2008,-0.000385
05/14/2008,0.004006
05/15/2008,0.010585
05/16/2008,0.001250
05/19/2008,0.000898
05/20/2008,-0.009274
05/21/2008,-0.016053
05/22/2008,0.002617
05/23/2008,-0.013210
05/27/2008,0.006846
05/28/2008,0.003963
05/29/2008,0.005335
05/30/2008,0.001516
06/02/2008,-0.010504
06/03/2008,-0.005788
06/04/2008,-0.000327
06/05/2008,0.019496
06/06/2008,-0.030889
06/09/2008,0.000794
06/10/2008,-0.002438
06/11/2008,-0.016894
06/12/2008,0.003280
06/13/2008,0.015046
06/16/2008,0.000081
06/17/2008,-0.006771
06/18/2008,-0.009712
06/19/2008,0.003752
06/20/2008,-0.018543
06/23/2008,0.000053
06/24/2008,-0.002815
06/25/2008,0.005843
06/26/2008,-0.029365
06/27/2008,-0.003717
06/30/2008,0.001267
07/01/2008,0.003836
07/02/2008,-0.018204
07/03/2008,0.001094
07/07/2008,-0.008385
07/08/2008,0.017080
07/09/2008,-0.022776
07/10/2008,0.006990
07/11/2008,-0.011090
07/14/2008,-0.009028
07/15/2008,-0.010901
07/16/2008,0.025064
07/17/2008,0.012013
07/18/2008,0.000286
07/21/2008,-0.000539
07/22/2008,0.013492
07/23/2008,0.004064
07/24/2008,-0.023125
07/25/2008,0.004168
07/28/2008,-0.018597
07/29/2008,0.023356
07/30/2008,0.016672
07/31/2008,-0.013144
08/01/2008,-0.005578
08/04/2008,-0.008966
08/05/2008,0.028719
08/06/2008,0.003354
08/07/2008,-0.017934
08/08/2008,0.023893
08/11/2008,0.006943
08/12/2008,-0.012051
08/13/2008,-0.002916
08/14/2008,0.005522
08/15/2008,0.004076
08/18/2008,-0.015098
08/19/2008,-0.009315
08/20/2008,0.006197
08/21/2008,0.002495
08/22/2008,0.011333
08/25/2008,-0.019625
08/26/2008,0.003686
08/27/2008,0.007983
08/28/2008,0.014840
08/29/2008,-0.013724
09/02/2008,-0.004093
09/03/2008,-0.002035
09/04/2008,-0.029922
09/05/2008,0.004431
09/08/2008,0.020510
09/09/2008,-0.034138
09/10/2008,0.006149
09/11/2008,0.013806
09/12/2008,0.002122
09/15/2008,-0.047136
09/16/2008,0.017515
09/17/2008,-0.047133
09/18/2008,0.043342
09/19/2008,0.040257
09/22/2008,-0.038237
09/23/2008,-0.015633
09/24/2008,-0.001978
09/25/2008,0.019656
09/26/2008,0.003167
09/29/2008,-0.087897
09/30/2008,0.054203
10/01/2008,-0.004544
10/02/2008,-0.040291
10/03/2008,-0.013506
10/06/2008,-0.038518
10/07/2008,-0.057395
10/08/2008,-0.011333
10/09/2008,-0.076167
10/10/2008,-0.011759
10/13/2008,0.115800
10/14/2008,-0.005322
10/15/2008,-0.090350
10/16/2008,0.042507
10/17/2008,-0.006213
10/20/2008,0.047685
10/21/2008,-0.030800
10/22/2008,-0.061013
10/23/2008,0.012634
10/24/2008,-0.034511
10/27/2008,-0.031764
10/28/2008,0.107890
10/29/2008,-0.011079
10/30/2008,0.025804
10/31/2008,0.015365
11/03/2008,-0.002529
11/04/2008,0.040826
11/05/2008,-0.052677
11/06/2008,-0.050264
11/07/2008,0.028855
11/10/2008,-0.012653
11/11/2008,-0.022041
11/12/2008,-0.051894
11/13/2008,0.069213
11/14/2008,-0.041699
11/17/2008,-0.025810
11/18/2008,0.009838
11/19/2008,-0.061156
11/20/2008,-0.067123
11/21/2008,0.063248
11/24/2008,0.064723
11/25/2008,0.006551
11/26/2008,0.035328
11/28/2008,0.009643
12/01/2008,-0.089295
12/02/2008,0.039941
12/03/2008,0.025836
12/04/2008,-0.029308
12/05/2008,0.036499
12/08/2008,0.038387
12/09/2008,-0.023118
12/10/2008,0.011894
12/11/2008,-0.028524
12/12/2008,0.007028
12/15/2008,-0.012686
12/16/2008,0.051360
12/17/2008,-0.009593
12/18/2008,-0.021163
12/19/2008,0.002937
12/22/2008,-0.018302
12/23/2008,-0.009717
12/24/2008,0.005781
12/26/2008,0.005356
12/29/2008,-0.003873
12/30/2008,0.024407
12/31/2008,0.014158
01/02/2009,0.031608
01/05/2009,-0.004668
01/06/2009,0.007817
01/07/2009,-0.030010
01/08/2009,0.003397
01/09/2009,-0.021303
01/12/2009,-0.022564
01/13/2009,0.001758
01/14/2009,-0.033460
01/15/2009,0.001329
01/16/2009,0.007562
01/20/2009,-0.052816
01/21/2009,0.043491
01/22/2009,-0.015162
01/23/2009,0.005378
01/26/2009,0.005553
01/27/2009,0.010926
01/28/2009,0.033558
01/29/2009,-0.033120
01/30/2009,-0.022789
02/02/2009,-0.000533
02/03/2009,0.015834
02/04/2009,-0.007489
02/05/2009,0.016366
02/06/2009,0.026896
02/09/2009,0.001485
02/10/2009,-0.049121
02/11/2009,0.007955
02/12/2009,0.001739
02/13/2009,-0.009998
02/17/2009,-0.045559
02/18/2009,-0.000950
02/19/2009,-0.012024
02/20/2009,-0.011413
02/23/2009,-0.034699
02/24/2009,0.040103
02/25/2009,-0.010658
02/26/2009,-0.015780
02/27/2009,-0.023564
03/02/2009,-0.046620
03/03/2009,-0.006407
03/04/2009,0.023753
03/05/2009,-0.042532
03/06/2009,0.001216
03/09/2009,-0.010024
03/10/2009,0.063663
03/11/2009,0.002446
03/12/2009,0.040729
03/13/2009,0.007739
03/16/2009,-0.003516
03/17/2009,0.032140
03/18/2009,0.020858
03/19/2009,-0.012979
03/20/2009,-0.019769
03/23/2009,0.070758
03/24/2009,-0.020415
03/25/2009,0.009626
03/26/2009,0.023320
03/27/2009,-0.020316
03/30/2009,-0.034819
03/31/2009,0.013130
04/01/2009,0.016557
04/02/2009,0.028727
04/03/2009,0.009732
04/06/2009,-0.008332
04/07/2009,-0.023855
04/08/2009,0.011783
04/09/2009,0.038053
04/13/2009,0.002533
04/14/2009,-0.020065
04/15/2009,0.012549
04/16/2009,0.015539
04/17/2009,0.004969
04/20/2009,-0.042790
04/21/2009,0.021252
04/22/2009,-0.007682
04/23/2009,0.009922
04/24/2009,0.016797
04/27/2009,-0.010067
04/28/2009,-0.002740
04/29/2009,0.021610
04/30/2009,-0.000950
05/01/2009,0.005396
05/04/2009,0.033868
05/05/2009,-0.003792
05/06/2009,0.017404
05/07/2009,-0.013202
05/08/2009,0.024069
05/11/2009,-0.021512
05/12/2009,-0.000979
05/13/2009,-0.026895
05/14/2009,0.010352
05/15/2009,-0.011410
05/18/2009,0.030389
05/19/2009,-0.001737
05/20/2009,-0.005131
05/21/2009,-0.016758
05/22/2009,-0.001497
05/26/2009,0.026302
05/27/2009,-0.018971
05/28/2009,0.015419
05/29/2009,0.013575
06/01/2009,0.025818
06/02/2009,0.001983
06/03/2009,-0.013739
06/04/2009,0.011484
06/05/2009,-0.002515
06/08/2009,-0.001011
06/09/2009,0.003503
06/10/2009,-0.003480
06/11/2009,0.006112
06/12/2009,0.001397
06/15/2009,-0.023769
06/16/2009,-0.012720
06/17/2009,-0.001382
06/18/2009,0.008411
06/19/2009,0.003114
06/22/2009,-0.030600
06/23/2009,0.002307
06/24/2009,0.006524
06/25/2009,0.021444
06/26/2009,-0.001478
06/29/2009,0.009065
06/30/2009,-0.008531
07/01/2009,0.004362
07/02/2009,-0.029145
07/06/2009,0.002566
07/07/2009,-0.019684
07/08/2009,-0.001669
07/09/2009,0.003547
07/10/2009,-0.004022
07/13/2009,0.024934
07/14/2009,0.005316
07/15/2009,0.029630
07/16/2009,0.008642
07/17/2009,-0.000383
07/20/2009,0.011432
07/21/2009,0.003627
07/22/2009,-0.000534
07/23/2009,0.023290
07/24/2009,0.003042
07/27/2009,0.002982
07/28/2009,-0.002606
07/29/2009,-0.004563
07/30/2009,0.011896
07/31/2009,0.000740
08/03/2009,0.015342
08/04/2009,0.003012
08/05/2009,-0.002914
08/06/2009,-0.005625
08/07/2009,0.013439
08/10/2009,-0.003345
08/11/2009,-0.012660
08/12/2009,0.011525
08/13/2009,0.006880
08/14/2009,-0.008531
08/17/2009,-0.024261
08/18/2009,0.010146
08/19/2009,0.006861
08/20/2009,0.010949
08/21/2009,0.018623
08/24/2009,-0.000546
08/25/2009,0.002369
08/26/2009,0.000117
08/27/2009,0.002782
08/28/2009,-0.001988
08/31/2009,-0.008076
09/01/2009,-0.022124
09/02/2009,-0.003296
09/03/2009,0.008535
09/04/2009,0.013118
09/08/2009,0.008845
09/09/2009,0.007782
09/10/2009,0.010422
09/11/2009,-0.001350
09/14/2009,0.006339
09/15/2009,0.003135
09/16/2009,0.015324
09/17/2009,-0.003060
09/18/2009,0.002637
09/21/2009,-0.003407
09/22/2009,0.006575
09/23/2009,-0.010068
09/24/2009,-0.009511
09/25/2009,-0.006091
09/28/2009,0.017810
09/29/2009,-0.002230
09/30/2009,-0.003328
10/01/2009,-0.025760
10/02/2009,-0.004506
10/05/2009,0.014875
10/06/2009,0.013705
10/07/2009,0.002712
10/08/2009,0.007470
10/09/2009,0.005641
10/12/2009,0.004386
10/13/2009,-0.002788
10/14/2009,0.017546
10/15/2009,0.004157
10/16/2009,-0.008098
10/19/2009,0.009405
10/20/2009,-0.006239
10/21/2009,-0.008854
10/22/2009,0.010644
10/23/2009,-0.012179
10/26/2009,-0.011717
10/27/2009,-0.003318
10/28/2009,-0.019541
10/29/2009,0.022520
10/30/2009,-0.028065
11/02/2009,0.006456
11/03/2009,0.002426
11/04/2009,0.001043
11/05/2009,0.019236
11/06/2009,0.002503
11/09/2009,0.022239
11/10/2009,-0.000064
11/11/2009,0.005032
11/12/2009,-0.010259
11/13/2009,0.005739
11/16/2009,0.014468
11/17/2009,0.000919
11/18/2009,-0.000468
11/19/2009,-0.013426
11/20/2009,-0.003215
11/23/2009,0.013616
11/24/2009,-0.000533
11/25/2009,0.004504
11/27/2009,-0.017233
11/30/2009,0.003793
12/01/2009,0.012075
12/02/2009,0.000343
12/03/2009,-0.008402
12/04/2009,0.005509
12/07/2009,-0.002468
12/08/2009,-0.010252
12/09/2009,0.003672
12/10/2009,0.005840
12/11/2009,0.003683
12/14/2009,0.006959
12/15/2009,-0.005547
12/16/2009,0.001128
12/17/2009,-0.011811
12/18/2009,0.005830
12/21/2009,0.010504
12/22/2009,0.003564
12/23/2009,0.002299
12/24/2009,0.005256
12/28/2009,0.001154
12/29/2009,-0.001401
12/30/2009,0.000195
12/31/2009,-0.010050
01/04/2010,0.016043
01/05/2010,0.003116
01/06/2010,0.000546
01/07/2010,0.004001
01/08/2010,0.002882
01/11/2010,0.001747
01/12/2010,-0.009381
01/13/2010,0.008326
01/14/2010,0.002427
01/15/2010,-0.010823
01/19/2010,0.012500
01/20/2010,-0.010598
01/21/2010,-0.018945
01/22/2010,-0.022141
01/25/2010,0.004598
01/26/2010,-0.004203
01/27/2010,0.004880
01/28/2010,-0.011818
01/29/2010,-0.009829
02/01/2010,0.014266
02/02/2010,0.012973
02/03/2010,-0.005474
02/04/2010,-0.031141
02/05/2010,0.002897
02/08/2010,-0.008863
02/09/2010,0.013040
02/10/2010,-0.002233
02/11/2010,0.009680
02/12/2010,-0.002745
02/16/2010,0.018001
02/17/2010,0.004238
02/18/2010,0.006585
02/19/2010,0.002187
02/22/2010,-0.001046
02/23/2010,-0.012103
02/24/2010,0.009720
02/25/2010,-0.002081
02/26/2010,0.001405
03/01/2010,0.010159
03/02/2010,0.002330
03/03/2010,0.000429
03/04/2010,0.003736
03/05/2010,0.014008
03/08/2010,-0.000176
03/09/2010,0.001713
03/10/2010,0.004525
03/11/2010,0.004042
03/12/2010,-0.000217
03/15/2010,0.000452
03/16/2010,0.007779
03/17/2010,0.005822
03/18/2010,-0.000326
03/19/2010,-0.005087
03/22/2010,0.005095
03/23/2010,0.007171
03/24/2010,-0.005493
03/25/2010,-0.001704
03/26/2010,0.000738
03/29/2010,0.005683
03/30/2010,0.000043
03/31/2010,-0.003273
04/01/2010,0.007414
04/05/2010,0.007928
04/06/2010,0.001684
04/07/2010,-0.005877
04/08/2010,0.003374
04/09/2010,0.006684
04/12/2010,0.001767
04/13/2010,0.000685
04/14/2010,0.011150
04/15/2010,0.000843
04/16/2010,-0.016127
04/19/2010,0.004521
04/20/2010,0.008058
04/21/2010,-0.001019
04/22/2010,0.002264
04/23/2010,0.007124
04/26/2010,-0.004296
04/27/2010,-0.023382
04/28/2010,0.006463
04/29/2010,0.012943
04/30/2010,-0.016648
05/03/2010,0.013121
05/04/2010,-0.023838
05/05/2010,-0.006561
05/06/2010,-0.032378
05/07/2010,-0.015308
05/10/2010,0.043974
05/11/2010,-0.003397
05/12/2010,0.013740
05/13/2010,-0.012145
05/14/2010,-0.018800
05/17/2010,0.001109
05/18/2010,-0.014196
05/19/2010,-0.005130
05/20/2010,-0.038976
05/21/2010,0.015024
05/24/2010,-0.012908
05/25/2010,0.000354
05/26/2010,-0.005661
05/27/2010,0.032876
05/28/2010,-0.012375
06/01/2010,-0.017165
06/02/2010,0.025843
06/03/2010,0.004051
06/04/2010,-0.034411
06/07/2010,-0.013532
06/08/2010,0.010976
06/09/2010,-0.005942
06/10/2010,0.029507
06/11/2010,0.004380
06/14/2010,-0.001805
06/15/2010,0.023494
06/16/2010,-0.000556
06/17/2010,0.001283
06/18/2010,0.001317
06/21/2010,-0.003857
06/22/2010,-0.016071
06/23/2010,-0.002985
06/24/2010,-0.016803
06/25/2010,0.002859
06/28/2010,-0.002034
06/29/2010,-0.031017
06/30/2010,-0.010113
07/01/2010,-0.003240
07/02/2010,-0.004662
07/06/2010,0.005359
07/07/2010,0.031331
07/08/2010,0.009413
07/09/2010,0.007204
07/12/2010,0.000733
07/13/2010,0.015379
07/14/2010,-0.000155
07/15/2010,0.001196
07/16/2010,-0.028820
07/19/2010,0.005982
07/20/2010,0.011417
07/21/2010,-0.012820
07/22/2010,0.022513
07/23/2010,0.008220
07/26/2010,0.011200
07/27/2010,-0.001049
07/28/2010,-0.006922
07/29/2010,-0.004159
07/30/2010,0.000064
08/02/2010,0.022023
08/03/2010,-0.004796
08/04/2010,0.006051
08/05/2010,-0.001269
08/06/2010,-0.003704
08/09/2010,0.005483
08/10/2010,-0.005967
08/11/2010,-0.028179
08/12/2010,-0.005379
08/13/2010,-0.004024
08/16/2010,0.000120
08/17/2010,0.012192
08/18/2010,0.001483
08/19/2010,-0.016935
08/20/2010,-0.003663
08/23/2010,-0.004040
08/24/2010,-0.014512
08/25/2010,0.003289
08/26/2010,-0.007685
08/27/2010,0.016587
08/30/2010,-0.014719
08/31/2010,0.000391
09/01/2010,0.029505
09/02/2010,0.009081
09/03/2010,0.013219
09/07/2010,-0.011471
09/08/2010,0.006439
09/09/2010,0.004832
09/10/2010,0.004863
09/13/2010,0.011131
09/14/2010,-0.000713
09/15/2010,0.003541
09/16/2010,-0.000364
09/17/2010,0.000827
09/20/2010,0.015210
09/21/2010,-0.002564
09/22/2010,-0.004825
09/23/2010,-0.008331
09/24/2010,0.021194
09/27/2010,-0.005667
09/28/2010,0.004850
09/29/2010,-0.002588
09/30/2010,-0.003084
10/01/2010,0.004416
10/04/2010,-0.008035
10/05/2010,0.020861
10/06/2010,-0.000672
10/07/2010,-0.001647
10/08/2010,0.006122
10/11/2010,0.000146
10/12/2010,0.003819
10/13/2010,0.007121
10/14/2010,-0.003641
10/15/2010,0.002028
10/18/2010,0.007244
10/19/2010,-0.015877
10/20/2010,0.010524
10/21/2010,0.001774
10/22/2010,0.002389
10/25/2010,0.002147
10/26/2010,0.000017
10/27/2010,-0.002691
10/28/2010,0.001125
10/29/2010,-0.000439
11/01/2010,0.000947
11/02/2010,0.007759
11/03/2010,0.003678
11/04/2010,0.019283
11/05/2010,0.003923
11/08/2010,-0.002121
11/09/2010,-0.008052
11/10/2010,0.004376
11/11/2010,-0.004242
11/12/2010,-0.011808
11/15/2010,-0.001217
11/16/2010,-0.016205
11/17/2010,0.000212
11/18/2010,0.015357
11/19/2010,0.002540
11/22/2010,-0.001575
11/23/2010,-0.014284
11/24/2010,0.014923
11/26/2010,-0.007469
11/29/2010,-0.001379
11/30/2010,-0.006070
12/01/2010,0.021617
12/02/2010,0.012818
12/03/2010,0.002603
12/06/2010,-0.001298
12/07/2010,0.000515
12/08/2010,0.003702
12/09/2010,0.003843
12/10/2010,0.006002
12/13/2010,0.000048
12/14/2010,0.000911
12/15/2010,-0.005122
12/16/2010,0.006185
12/17/2010,0.000837
12/20/2010,0.002548
12/21/2010,0.006030
12/22/2010,0.003380
12/23/2010,-0.001644
12/27/2010,0.000613
12/28/2010,0.000771
12/29/2010,0.001009
12/30/2010,-0.001508
12/31/2010,-0.000191
01/03/2011,0.011315
01/04/2011,-0.001313
01/05/2011,0.005007
01/06/2011,-0.002123
01/07/2011,-0.001845
01/10/2011,-0.001376
01/11/2011,0.003725
01/12/2011,0.009008
01/13/2011,-0.001711
01/14/2011,0.007385
01/18/2011,0.001376
01/19/2011,-0.010116
01/20/2011,-0.001295
01/21/2011,0.002414
01/24/2011,0.005836
01/25/2011,0.000263
01/26/2011,0.004221
01/27/2011,0.002244
01/28/2011,-0.017852
01/31/2011,0.007663
02/01/2011,0.016694
02/02/2011,-0.002723
02/03/2011,0.002354
02/04/2011,0.002884
02/07/2011,0.006240
02/08/2011,0.004185
02/09/2011,-0.002786
02/10/2011,0.000750
02/11/2011,0.005507
02/14/2011,0.002385
02/15/2011,-0.003235
02/16/2011,0.006257
02/17/2011,0.003076
02/18/2011,0.001925
02/22/2011,-0.020529
02/23/2011,-0.006112
02/24/2011,-0.000994
02/25/2011,0.010550
02/28/2011,0.005561
03/01/2011,-0.015740
03/02/2011,0.001615
03/03/2011,0.017219
03/04/2011,-0.007378
03/07/2011,-0.008341
03/08/2011,0.008923
03/09/2011,-0.001362
03/10/2011,-0.018871
03/11/2011,0.007080
03/14/2011,-0.006049
03/15/2011,-0.011200
03/16/2011,-0.019495
03/17/2011,0.013398
03/18/2011,0.004302
03/21/2011,0.014994
03/22/2011,-0.003551
03/23/2011,0.002914
03/24/2011,0.009341
03/25/2011,0.003161
03/28/2011,-0.002748
03/29/2011,0.007060
03/30/2011,0.006685
03/31/2011,-0.001829
04/01/2011,0.004963
04/04/2011,0.000345
04/05/2011,-0.000180
04/06/2011,0.002184
04/07/2011,-0.001520
04/08/2011,-0.004004
04/11/2011,-0.002793
04/12/2011,-0.007777
04/13/2011,0.000190
04/14/2011,0.000084
04/15/2011,0.003925
04/18/2011,-0.011018
04/19/2011,0.005731
04/20/2011,0.013515
04/21/2011,0.005277
04/25/2011,-0.001593
04/26/2011,0.008980
04/27/2011,0.006250
04/28/2011,0.003555
04/29/2011,0.002301
05/02/2011,-0.001753
05/03/2011,-0.003379
05/04/2011,-0.006855
05/05/2011,-0.009070
05/06/2011,0.003820
05/09/2011,0.004544
05/10/2011,0.008074
05/11/2011,-0.011111
05/12/2011,0.004895
05/13/2011,-0.008067
05/16/2011,-0.006204
05/17/2011,-0.000369
05/18/2011,0.008804
05/19/2011,0.002178
05/20/2011,-0.007688
05/23/2011,-0.011926
05/24/2011,-0.000827
05/25/2011,0.003183
05/26/2011,0.003953
05/27/2011,0.004081
05/31/2011,0.010593
06/01/2011,-0.022785
06/02/2011,-0.001225
06/03/2011,-0.009734
06/06/2011,-0.010760
06/07/2011,-0.000956
06/08/2011,-0.004187
06/09/2011,0.007378
06/10/2011,-0.013980
06/13/2011,0.000669
06/14/2011,0.012612
06/15/2011,-0.017432
06/16/2011,0.001754
06/17/2011,0.003045
06/20/2011,0.005395
06/21/2011,0.013423
06/22/2011,-0.006468
06/23/2011,-0.002828
06/24/2011,-0.011726
06/27/2011,0.009184
06/28/2011,0.012944
06/29/2011,0.008283
06/30/2011,0.010119
07/01/2011,0.014410
07/05/2011,-0.001336
07/06/2011,0.001002
07/07/2011,0.010454
07/08/2011,-0.006961
07/11/2011,-0.018090
07/12/2011,-0.004434
07/13/2011,0.003106
07/14/2011,-0.006716
07/15/2011,0.005554
07/18/2011,-0.008130
07/19/2011,0.016309
07/20/2011,-0.000671
07/21/2011,0.013546
07/22/2011,0.000908
07/25/2011,-0.005643
07/26/2011,-0.004105
07/27/2011,-0.020309
07/28/2011,-0.003234
07/29/2011,-0.006451
08/01/2011,-0.004132
08/02/2011,-0.025557
08/03/2011,0.005016
08/04/2011,-0.047820
08/05/2011,-0.000575
08/08/2011,-0.066634
08/09/2011,0.047407
08/10/2011,-0.044152
08/11/2011,0.046290
08/12/2011,0.005262
08/15/2011,0.021785
08/16/2011,-0.009739
08/17/2011,0.000947
08/18/2011,-0.044594
08/19/2011,-0.015009
08/22/2011,0.000258
08/23/2011,0.034285
08/24/2011,0.013120
08/25/2011,-0.015566
08/26/2011,0.015122
08/29/2011,0.028280
08/30/2011,0.002347
08/31/2011,0.004922
09/01/2011,-0.011871
09/02/2011,-0.025282
09/06/2011,-0.007436
09/07/2011,0.028646
09/08/2011,-0.010612
09/09/2011,-0.026705
09/12/2011,0.006966
09/13/2011,0.009120
09/14/2011,0.013480
09/15/2011,0.017187
09/16/2011,0.005707
09/19/2011,-0.009803
09/20/2011,-0.001661
09/21/2011,-0.029390
09/22/2011,-0.031883
09/23/2011,0.006082
09/26/2011,0.023336
09/27/2011,0.010688
09/28/2011,-0.020691
09/29/2011,0.008114
09/30/2011,-0.024974
10/03/2011,-0.028451
10/04/2011,0.022488
10/05/2011,0.017866
10/06/2011,0.018304
10/07/2011,-0.008163
10/10/2011,0.034125
10/11/2011,0.000544
10/12/2011,0.009795
10/13/2011,-0.002974
10/14/2011,0.017380
10/17/2011,-0.019370
10/18/2011,0.020419
10/19/2011,-0.012649
10/20/2011,0.004554
10/21/2011,0.018809
10/24/2011,0.012873
10/25/2011,-0.020045
10/26/2011,0.010537
10/27/2011,0.034291
10/28/2011,0.000389
10/31/2011,-0.024738
11/01/2011,-0.027942
11/02/2011,0.016105
11/03/2011,0.018782
11/04/2011,-0.006280
11/07/2011,0.006296
11/08/2011,0.011736
11/09/2011,-0.036695
11/10/2011,0.008616
11/11/2011,0.019489
11/14/2011,-0.009550
11/15/2011,0.004817
11/16/2011,-0.016616
11/17/2011,-0.016800
11/18/2011,-0.000395
11/21/2011,-0.018648
11/22/2011,-0.004141
11/23/2011,-0.022095
11/25/2011,-0.002686
11/28/2011,0.029240
11/29/2011,0.002214
11/30/2011,0.043315
12/01/2011,-0.001909
12/02/2011,-0.000241
12/05/2011,0.010287
12/06/2011,0.001106
12/07/2011,0.002018
12/08/2011,-0.021142
12/09/2011,0.016883
12/12/2011,-0.014914
12/13/2011,-0.008686
12/14/2011,-0.011348
12/15/2011,0.003243
12/16/2011,0.003216
12/19/2011,-0.011733
12/20/2011,0.029825
12/21/2011,0.001950
12/22/2011,0.008266
12/23/2011,0.009035
12/27/2011,0.000079
12/28/2011,-0.012478
12/29/2011,0.010707
12/30/2011,-0.004291
01/03/2012,0.015474
01/04/2012,0.000188
01/05/2012,0.002944
01/06/2012,-0.002537
01/09/2012,0.002262
01/10/2012,0.008886
01/11/2012,0.000310
01/12/2012,0.002337
01/13/2012,-0.004948
01/17/2012,0.003553
01/18/2012,0.011108
01/19/2012,0.004939
01/20/2012,0.000669
01/23/2012,0.000471
01/24/2012,-0.001026
01/25/2012,0.008672
01/26/2012,-0.005746
01/27/2012,-0.001593
01/30/2012,-0.002522
01/31/2012,-0.000457
02/01/2012,0.008900
02/02/2012,0.001095
02/03/2012,0.014605
02/06/2012,-0.000424
02/07/2012,0.002023
02/08/2012,0.002160
02/09/2012,0.001474
02/10/2012,-0.006886
02/13/2012,0.006800
02/14/2012,-0.000940
02/15/2012,-0.005383
02/16/2012,0.011026
02/17/2012,0.002349
02/21/2012,0.000720
02/22/2012,-0.003340
02/23/2012,0.004272
02/24/2012,0.001672
02/27/2012,0.001355
02/28/2012,0.003356
02/29/2012,-0.004737
03/01/2012,0.006158
03/02/2012,-0.003246
03/05/2012,-0.003870
03/06/2012,-0.015370
03/07/2012,0.006901
03/08/2012,0.009818
03/09/2012,0.003631
03/12/2012,0.000160
03/13/2012,0.018132
03/14/2012,-0.001196
03/15/2012,0.005967
03/16/2012,0.001119
03/19/2012,0.003974
03/20/2012,-0.003001
03/21/2012,-0.001871
03/22/2012,-0.007207
03/23/2012,0.003109
03/26/2012,0.013886
03/27/2012,-0.002817
03/28/2012,-0.004942
03/29/2012,-0.001608
03/30/2012,0.003698
04/02/2012,0.007505
04/03/2012,-0.003989
04/04/2012,-0.010202
04/05/2012,-0.000629
04/09/2012,-0.011358
04/10/2012,-0.017081
04/11/2012,0.007449
04/12/2012,0.013779
04/13/2012,-0.012475
04/16/2012,-0.000504
04/17/2012,0.015487
04/18/2012,-0.004055
04/19/2012,-0.005934
04/20/2012,0.001169
04/23/2012,-0.008408
04/24/2012,0.003680
04/25/2012,0.013645
04/26/2012,0.006680
04/27/2012,0.002414
04/30/2012,-0.003884
05/01/2012,0.005658
05/02/2012,-0.002497
05/03/2012,-0.007659
05/04/2012,-0.016147
05/07/2012,0.000351
05/08/2012,-0.004279
05/09/2012,-0.006702
05/10/2012,0.002517
05/11/2012,-0.003387
05/14/2012,-0.011113
05/15/2012,-0.005746
05/16/2012,-0.004404
05/17/2012,-0.015051
05/18/2012,-0.007388
05/21/2012,0.016036
05/22/2012,0.000486
05/23/2012,0.001694
05/24/2012,0.001380
05/25/2012,-0.002166
05/29/2012,0.011079
05/30/2012,-0.014335
05/31/2012,-0.002277
06/01/2012,-0.024643
06/04/2012,0.000110
06/05/2012,0.005727
06/06/2012,0.023049
06/07/2012,-0.000106
06/08/2012,0.008114
06/11/2012,-0.012620
06/12/2012,0.011651
06/13/2012,-0.007023
06/14/2012,0.010815
06/15/2012,0.010338
06/18/2012,0.001445
06/19/2012,0.009816
06/20/2012,-0.001686
06/21/2012,-0.022262
06/22/2012,0.007175
06/25/2012,-0.015955
06/26/2012,0.004773
06/27/2012,0.008985
06/28/2012,-0.002110
06/29/2012,0.024920
07/02/2012,0.002459
07/03/2012,0.006232
07/05/2012,-0.004687
07/06/2012,-0.009433
07/09/2012,-0.001639
07/10/2012,-0.008126
07/11/2012,-0.000015
07/12/2012,-0.004987
07/13/2012,0.016497
07/16/2012,-0.002314
07/17/2012,0.007410
07/18/2012,0.006681
07/19/2012,0.002717
07/20/2012,-0.010062
07/23/2012,-0.008909
07/24/2012,-0.009041
07/25/2012,-0.000314
07/26/2012,0.016541
07/27/2012,0.019081
07/30/2012,-0.000483
07/31/2012,-0.004317
08/01/2012,-0.003030
08/02/2012,-0.007374
08/03/2012,0.019040
08/06/2012,0.002329
08/07/2012,0.005107
08/08/2012,0.000621
08/09/2012,0.000414
08/10/2012,0.002188
08/13/2012,-0.001252
08/14/2012,-0.000128
08/15/2012,0.001140
08/16/2012,0.007101
08/17/2012,0.001872
08/20/2012,-0.000021
08/21/2012,-0.003498
08/22/2012,0.000226
08/23/2012,-0.008072
08/24/2012,0.006455
08/27/2012,-0.000489
08/28/2012,-0.000808
08/29/2012,0.000844
08/30/2012,-0.007806
08/31/2012,0.005073
09/04/2012,-0.001166
09/05/2012,-0.001068
09/06/2012,0.020436
09/07/2012,0.004050
09/10/2012,-0.006148
09/11/2012,0.003135
09/12/2012,0.002093
09/13/2012,0.016310
09/14/2012,0.003959
09/17/2012,-0.003125
09/18/2012,-0.001280
09/19/2012,0.001185
09/20/2012,-0.000541
09/21/2012,-0.000075
09/24/2012,-0.002233
09/25/2012,-0.010502
09/26/2012,-0.005737
09/27/2012,0.009649
09/28/2012,-0.004478
10/01/2012,0.002652
10/02/2012,0.000872
10/03/2012,0.003624
10/04/2012,0.007174
10/05/2012,-0.000322
10/08/2012,-0.003457
10/09/2012,-0.009891
10/10/2012,-0.006188
10/11/2012,0.000195
10/12/2012,-0.002966
10/15/2012,0.008078
10/16/2012,0.010270
10/17/2012,0.004117
10/18/2012,-0.002444
10/19/2012,-0.016571
10/22/2012,0.000440
10/23/2012,-0.014444
10/24/2012,-0.003085
10/25/2012,0.002996
10/26/2012,-0.000729
10/31/2012,0.000156
11/01/2012,0.010927
11/02/2012,-0.009379
11/05/2012,0.002164
11/06/2012,0.007853
11/07/2012,-0.023705
11/08/2012,-0.012205
11/09/2012,0.001699
11/12/2012,0.000130
11/13/2012,-0.003985
11/14/2012,-0.013852
11/15/2012,-0.001594
11/16/2012,0.004840
11/19/2012,0.019862
11/20/2012,0.000663
11/21/2012,0.002320
11/23/2012,0.013026
11/26/2012,-0.002030
11/27/2012,-0.005227
11/28/2012,0.007856
11/29/2012,0.004270
11/30/2012,0.000162
12/03/2012,-0.004745
12/04/2012,-0.001710
12/05/2012,0.001585
12/06/2012,0.003307
12/07/2012,0.002921
12/10/2012,0.000338
12/11/2012,0.006549
12/12/2012,0.000448
12/13/2012,-0.006321
12/14/2012,-0.004135
12/17/2012,0.011871
12/18/2012,0.011487
12/19/2012,-0.007589
12/20/2012,0.005488
12/21/2012,-0.009379
12/24/2012,-0.002440
12/26/2012,-0.004787
12/27/2012,-0.001218
12/28/2012,-0.011050
12/31/2012,0.016942
01/02/2013,0.025403
01/03/2013,-0.002086
01/04/2013,0.004865
01/07/2013,-0.003123
01/08/2013,-0.003242
01/09/2013,0.002656
01/10/2013,0.007597
01/11/2013,-0.000048
01/14/2013,-0.000931
01/15/2013,0.001129
01/16/2013,0.000197
01/17/2013,0.005643
01/18/2013,0.003403
01/22/2013,0.004428
01/23/2013,0.001507
01/24/2013,0.000007
01/25/2013,0.005445
01/28/2013,-0.001850
01/29/2013,0.005106
01/30/2013,-0.003900
01/31/2013,-0.002563
02/01/2013,0.010053
02/04/2013,-0.011539
02/05/2013,0.010416
02/06/2013,0.000549
02/07/2013,-0.001805
02/08/2013,0.005658
02/11/2013,-0.000606
02/12/2013,0.001595
02/13/2013,0.000592
02/14/2013,0.000691
02/15/2013,-0.001045
02/19/2013,0.007337
02/20/2013,-0.012404
02/21/2013,-0.006303
02/22/2013,0.008773
02/25/2013,-0.018310
02/26/2013,0.006109
02/27/2013,0.012726
02/28/2013,-0.000864
03/01/2013,0.002324
03/04/2013,0.004611
03/05/2013,0.009566
03/06/2013,0.001085
03/07/2013,0.001816
03/08/2013,0.004481
03/11/2013,0.003249
03/12/2013,-0.002403
03/13/2013,0.001314
03/14/2013,0.005603
03/15/2013,-0.001618
03/18/2013,-0.005510
03/19/2013,-0.002423
03/20/2013,0.006697
03/21/2013,-0.008282
03/22/2013,0.007174
03/25/2013,-0.003340
03/26/2013,0.007785
03/27/2013,-0.000588
03/28/2013,0.004057
04/01/2013,-0.004474
04/02/2013,0.005172
04/03/2013,-0.010546
04/04/2013,0.004048
04/05/2013,-0.004295
04/08/2013,0.006303
04/09/2013,0.003544
04/10/2013,0.012189
04/11/2013,0.003552
04/12/2013,-0.002837
04/15/2013,-0.022966
04/16/2013,0.014307
04/17/2013,-0.014328
04/18/2013,-0.006701
04/19/2013,0.008848
04/22/2013,0.004662
04/23/2013,0.010419
04/24/2013,0.000006
04/25/2013,0.004035
04/26/2013,-0.001842
04/29/2013,0.007186
04/30/2013,0.002485
05/01/2013,-0.009308
05/02/2013,0.009408
05/03/2013,0.010535
05/06/2013,0.001908
05/07/2013,0.005230
05/08/2013,0.004139
05/09/2013,-0.003687
05/10/2013,0.004322
05/13/2013,0.000043
05/14/2013,0.010142
05/15/2013,0.005114
05/16/2013,-0.005010
05/17/2013,0.010300
05/20/2013,-0.000708
05/21/2013,0.001722
05/22/2013,-0.008274
05/23/2013,-0.002924
05/24/2013,-0.000551
05/28/2013,0.006341
05/29/2013,-0.007048
05/30/2013,0.003670
05/31/2013,-0.014307
06/03/2013,0.005936
06/04/2013,-0.005511
06/05/2013,-0.013780
06/06/2013,0.008490
06/07/2013,0.012832
06/10/2013,-0.000347
06/11/2013,-0.010153
06/12/2013,-0.008370
06/13/2013,0.014784
06/14/2013,-0.005885
06/17/2013,0.007567
06/18/2013,0.007791
06/19/2013,-0.013851
06/20/2013,-0.025010
06/21/2013,0.002670
06/24/2013,-0.012145
06/25/2013,0.009497
06/26/2013,0.009590
06/27/2013,0.006200
06/28/2013,-0.004290
07/01/2013,0.005404
07/02/2013,-0.000545
07/03/2013,0.000824
07/05/2013,0.010202
07/08/2013,0.005252
07/09/2013,0.007230
07/10/2013,0.000182
07/11/2013,0.013554
07/12/2013,0.003087
07/15/2013,0.001375
07/16/2013,-0.003709
07/17/2013,0.002774
07/18/2013,0.005033
07/19/2013,0.001610
07/22/2013,0.002033
07/23/2013,-0.001852
07/24/2013,-0.003811
07/25/2013,0.002556
07/26/2013,0.000828
07/29/2013,-0.003736
07/30/2013,0.000374
07/31/2013,-0.000136
08/01/2013,0.012541
08/02/2013,0.001640
08/05/2013,-0.001480
08/06/2013,-0.005723
08/07/2013,-0.003806
08/08/2013,0.003885
08/09/2013,-0.003570
08/12/2013,-0.001153
08/13/2013,0.002776
08/14/2013,-0.005177
08/15/2013,-0.014282
08/16/2013,-0.003305
08/19/2013,-0.005900
08/20/2013,0.003821
08/21/2013,-0.005780
08/22/2013,0.008619
08/23/2013,0.003947
08/26/2013,-0.004040
08/27/2013,-0.015874
08/28/2013,0.002748
08/29/2013,0.001963
08/30/2013,-0.003174
09/03/2013,0.004164
09/04/2013,0.008117
09/05/2013,0.001210
09/06/2013,0.000054
09/09/2013,0.009993
09/10/2013,0.007346
09/11/2013,0.003052
09/12/2013,-0.003380
09/13/2013,0.002715
09/16/2013,0.005693
09/17/2013,0.004218
09/18/2013,0.012178
09/19/2013,-0.001843
09/20/2013,-0.007217
09/23/2013,-0.004720
09/24/2013,-0.002597
09/25/2013,-0.002739
09/26/2013,0.003485
09/27/2013,-0.004074
09/30/2013,-0.006029
10/01/2013,0.007999
10/02/2013,-0.000667
10/03/2013,-0.008979
10/04/2013,0.007053
10/07/2013,-0.008506
10/08/2013,-0.012332
10/09/2013,0.000574
10/10/2013,0.021830
10/11/2013,0.006286
10/14/2013,0.004075
10/15/2013,-0.007064
10/16/2013,0.013828
10/17/2013,0.006744
10/18/2013,0.006549
10/21/2013,0.000092
10/22/2013,0.005738
10/23/2013,-0.004725
10/24/2013,0.003258
10/25/2013,0.004395
10/28/2013,0.001330
10/29/2013,0.005584
10/30/2013,-0.004876
10/31/2013,-0.003839
11/01/2013,0.002903
11/04/2013,0.003571
11/05/2013,-0.002806
11/06/2013,0.004266
11/07/2013,-0.013183
11/08/2013,0.013428
11/11/2013,0.000723
11/12/2013,-0.002370
11/13/2013,0.008095
11/14/2013,0.004837
11/15/2013,0.004222
11/18/2013,-0.003698
11/19/2013,-0.002043
11/20/2013,-0.003636
11/21/2013,0.008129
11/22/2013,0.004961
11/25/2013,-0.001263
11/26/2013,0.000150
11/27/2013,0.002485
11/29/2013,-0.000786
12/02/2013,-0.002719
12/03/2013,-0.003193
12/04/2013,-0.001304
12/05/2013,-0.004340
12/06/2013,0.011238
12/09/2013,0.001817
12/10/2013,-0.003180
12/11/2013,-0.011317
12/12/2013,-0.003771
12/13/2013,-0.000101
12/16/2013,0.006320
12/17/2013,-0.003101
12/18/2013,0.016648
12/19/2013,-0.000580
12/20/2013,0.004819
12/23/2013,0.005318
12/24/2013,0.002916
12/26/2013,0.004745
12/27/2013,-0.000337
12/30/2013,-0.000179
12/31/2013,0.003960
01/02/2014,-0.008862
01/03/2014,-0.000333
01/06/2014,-0.002512
01/07/2014,0.006082
01/08/2014,-0.000212
01/09/2014,0.000348
01/10/2014,0.002307
01/13/2014,-0.012576
01/14/2014,0.010818
01/15/2014,0.005166
01/16/2014,-0.001347
01/17/2014,-0.003895
01/21/2014,0.002774
01/22/2014,0.000575
01/23/2014,-0.008890
01/24/2014,-0.020875
01/27/2014,-0.004876
01/28/2014,0.006141
01/29/2014,-0.010209
01/30/2014,0.011267
01/31/2014,-0.006465
02/03/2014,-0.022832
02/04/2014,0.007641
02/05/2014,-0.002028
02/06/2014,0.012440
02/07/2014,0.013302
02/10/2014,0.001569
02/11/2014,0.011062
02/12/2014,-0.000269
02/13/2014,0.005810
02/14/2014,0.004809
02/18/2014,0.001158
02/19/2014,-0.006524
02/20/2014,0.006031
02/21/2014,-0.001919
02/24/2014,0.006187
02/25/2014,-0.001348
02/26/2014,0.000022
02/27/2014,0.004948
02/28/2014,0.002783
03/03/2014,-0.007379
03/04/2014,0.015268
03/05/2014,-0.000053
03/06/2014,0.001718
03/07/2014,0.000538
03/10/2014,-0.000463
03/11/2014,-0.005082
03/12/2014,0.000305
03/13/2014,-0.011701
03/14/2014,-0.002822
03/17/2014,0.009614
03/18/2014,0.007220
03/19/2014,-0.006132
03/20/2014,0.006041
03/21/2014,-0.002933
03/24/2014,-0.004865
03/25/2014,0.004404
03/26/2014,-0.007000
03/27/2014,-0.001900
03/28/2014,0.004640
03/31/2014,0.007924
04/01/2014,0.007039
04/02/2014,0.002853
04/03/2014,-0.001126
04/04/2014,-0.012537
04/07/2014,-0.010750
04/08/2014,0.003751
04/09/2014,0.010918
04/10/2014,-0.020885
04/11/2014,-0.009487
04/14/2014,0.008217
04/15/2014,0.006757
04/16/2014,0.010488
04/17/2014,0.001364
04/21/2014,0.003775
04/22/2014,0.004092
04/23/2014,-0.002213
04/24/2014,0.001717
04/25/2014,-0.008096
04/28/2014,0.003236
04/29/2014,0.004761
04/30/2014,0.002992
05/01/2014,-0.000143
05/02/2014,-0.001348
05/05/2014,0.001871
05/06/2014,-0.008988
05/07/2014,0.005616
05/08/2014,-0.001374
05/09/2014,0.001519
05/12/2014,0.009673
05/13/2014,0.000422
05/14/2014,-0.004701
05/15/2014,-0.009362
05/16/2014,0.003747
05/19/2014,0.003845
05/20/2014,-0.006498
05/21/2014,0.008116
05/22/2014,0.002362
05/23/2014,0.004248
05/27/2014,0.005988
05/28/2014,-0.001114
05/29/2014,0.005367
05/30/2014,0.001844
06/02/2014,0.000728
06/03/2014,-0.000379
06/04/2014,0.001892
06/05/2014,0.006525
06/06/2014,0.004628
06/09/2014,0.000939
06/10/2014,-0.000246
06/11/2014,-0.003537
06/12/2014,-0.007089
06/13/2014,0.003135
06/16/2014,0.000837
06/17/2014,0.002173
06/18/2014,0.007719
06/19/2014,0.001277
06/20/2014,0.001730
06/23/2014,-0.000132
06/24/2014,-0.006435
06/25/2014,0.004897
06/26/2014,-0.001179
06/27/2014,0.001911
06/30/2014,-0.000372
07/01/2014,0.006678
07/02/2014,0.000659
07/03/2014,0.005480
07/07/2014,-0.003924
07/08/2014,-0.007049
07/09/2014,0.004644
07/10/2014,-0.004131
07/11/2014,0.001471
07/14/2014,0.004844
07/15/2014,-0.001932
07/16/2014,0.004201
07/17/2014,-0.011834
07/18/2014,0.010265
07/21/2014,-0.002320
07/22/2014,0.005016
07/23/2014,0.001754
07/24/2014,0.000488
07/25/2014,-0.004849
07/28/2014,0.000288
07/29/2014,-0.004528
07/30/2014,0.000061
07/31/2014,-0.019999
08/01/2014,-0.002859
08/04/2014,0.007189
08/05/2014,-0.009685
08/06/2014,0.000016
08/07/2014,-0.005557
08/08/2014,0.011531
08/11/2014,0.002759
08/12/2014,-0.001637
08/13/2014,0.006707
08/14/2014,0.004346
08/15/2014,-0.000061
08/18/2014,0.008532
08/19/2014,0.005001
08/20/2014,0.002478
08/21/2014,0.002950
08/22/2014,-0.001993
08/25/2014,0.004788
08/26/2014,0.001051
08/27/2014,0.000050
08/28/2014,-0.001690
08/29/2014,0.003320
09/02/2014,-0.000544
09/03/2014,-0.000779
09/04/2014,-0.001534
09/05/2014,0.005036
09/08/2014,-0.003073
09/09/2014,-0.006545
09/10/2014,0.003646
09/11/2014,0.000882
09/12/2014,-0.005963
09/15/2014,-0.000710
09/16/2014,0.007484
09/17/2014,0.001296
09/18/2014,0.004891
09/19/2014,-0.000477
09/22/2014,-0.008013
09/23/2014,-0.005776
09/24/2014,0.007832
09/25/2014,-0.016169
09/26/2014,0.008576
09/29/2014,-0.002547
09/30/2014,-0.002786
10/01/2014,-0.013249
10/02/2014,0.000005
10/03/2014,0.011166
10/06/2014,-0.001565
10/07/2014,-0.015126
10/08/2014,0.017462
10/09/2014,-0.020661
10/10/2014,-0.011451
10/13/2014,-0.016468
10/14/2014,0.001579
10/15/2014,-0.008100
10/16/2014,0.000145
10/17/2014,0.012884
10/20/2014,0.009143
10/21/2014,0.019574
10/22/2014,-0.007299
10/23/2014,0.012303
10/24/2014,0.007053
10/27/2014,-0.001502
10/28/2014,0.011939
10/29/2014,-0.001385
10/30/2014,0.006230
10/31/2014,0.011731
11/03/2014,-0.000119
11/04/2014,-0.002830
11/05/2014,0.005701
11/06/2014,0.003776
11/07/2014,0.000350
11/10/2014,0.003120
11/11/2014,0.000697
11/12/2014,-0.000701
11/13/2014,0.000530
11/14/2014,0.000240
11/17/2014,0.000735
11/18/2014,0.005134
11/19/2014,-0.001501
11/20/2014,0.001967
11/21/2014,0.005237
11/24/2014,0.002864
11/25/2014,-0.001150
11/26/2014,0.002806
11/28/2014,-0.002542
12/01/2014,-0.006829
12/02/2014,0.006384
12/03/2014,0.003765
12/04/2014,-0.001162
12/05/2014,0.001665
12/08/2014,-0.007257
12/09/2014,-0.000238
12/10/2014,-0.016351
12/11/2014,0.004536
12/12/2014,-0.016214
12/15/2014,-0.006343
12/16/2014,-0.008489
12/17/2014,0.020352
12/18/2014,0.024015
12/19/2014,0.004570
12/22/2014,0.003810
12/23/2014,0.001746
12/24/2014,-0.000139
12/26/2014,0.003310
12/29/2014,0.000862
12/30/2014,-0.004889
12/31/2014,-0.010311
01/02/2015,-0.000340
01/05/2015,-0.018278
01/06/2015,-0.008893
01/07/2015,0.011630
01/08/2015,0.017888
01/09/2015,-0.008404
01/12/2015,-0.008094
01/13/2015,-0.002579
01/14/2015,-0.005813
01/15/2015,-0.009248
01/16/2015,0.013424
01/20/2015,0.001550
01/21/2015,0.004732
01/22/2015,0.015270
01/23/2015,-0.005492
01/26/2015,0.002568
01/27/2015,-0.013388
01/28/2015,-0.013496
01/29/2015,0.009535
01/30/2015,-0.012992
02/02/2015,0.012962
02/03/2015,0.014439
02/04/2015,-0.004156
02/05/2015,0.010291
02/06/2015,-0.003418
02/09/2015,-0.004247
02/10/2015,0.010676
02/11/2015,-0.000029
02/12/2015,0.009645
02/13/2015,0.004075
02/17/2015,0.001598
02/18/2015,-0.000314
02/19/2015,-0.001062
02/20/2015,0.006126
02/23/2015,-0.000303
02/24/2015,0.002759
02/25/2015,-0.000766
02/26/2015,-0.001476
02/27/2015,-0.002956
03/02/2015,0.006125
03/03/2015,-0.004539
03/04/2015,-0.004389
03/05/2015,0.001196
03/06/2015,-0.014174
03/09/2015,0.003944
03/10/2015,-0.016961
03/11/2015,-0.001918
03/12/2015,0.012601
03/13/2015,-0.006075
03/16/2015,0.013534
03/17/2015,-0.003320
03/18/2015,0.012158
03/19/2015,-0.004873
03/20/2015,0.009013
03/23/2015,-0.001746
03/24/2015,-0.006139
03/25/2015,-0.014559
03/26/2015,-0.002377
03/27/2015,0.002369
03/30/2015,0.012237
03/31/2015,-0.008796
04/01/2015,-0.003965
04/02/2015,0.003530
04/06/2015,0.006609
04/07/2015,-0.002062
04/08/2015,0.002683
04/09/2015,0.004457
04/10/2015,0.005203
04/13/2015,-0.004581
04/14/2015,0.001630
04/15/2015,0.005148
04/16/2015,-0.000778
04/17/2015,-0.011311
04/20/2015,0.009235
04/21/2015,-0.001481
04/22/2015,0.005088
04/23/2015,0.002358
04/24/2015,0.002253
04/27/2015,-0.004141
04/28/2015,0.002769
04/29/2015,-0.003740
04/30/2015,-0.010129
05/01/2015,0.010923
05/04/2015,0.002941
05/05/2015,-0.011837
05/06/2015,-0.004456
05/07/2015,0.003774
05/08/2015,0.013458
05/11/2015,-0.005090
05/12/2015,-0.002950
05/13/2015,-0.000305
05/14/2015,0.010779
05/15/2015,0.000768
05/18/2015,0.003048
05/19/2015,-0.000643
05/20/2015,-0.000931
05/21/2015,0.002338
05/22/2015,-0.002234
05/26/2015,-0.010282
05/27/2015,0.009163
05/28/2015,-0.001267
05/29/2015,-0.006318
06/01/2015,0.002059
06/02/2015,-0.001009
06/03/2015,0.002119
06/04/2015,-0.008623
06/05/2015,-0.001436
06/08/2015,-0.006474
06/09/2015,0.000418
06/10/2015,0.012042
06/11/2015,0.001739
06/12/2015,-0.006994
06/15/2015,-0.004622
06/16/2015,0.005690
06/17/2015,0.001980
06/18/2015,0.009903
06/19/2015,-0.005304
06/22/2015,0.006095
06/23/2015,0.000636
06/24/2015,-0.007353
06/25/2015,-0.002974
06/26/2015,-0.000390
06/29/2015,-0.020866
06/30/2015,0.002658
07/01/2015,0.006936
07/02/2015,-0.000308
07/06/2015,-0.003862
07/07/2015,0.006081
07/08/2015,-0.016653
07/09/2015,0.002262
07/10/2015,0.012338
07/13/2015,0.011066
07/14/2015,0.004453
07/15/2015,-0.000735
07/16/2015,0.008015
07/17/2015,0.001106
07/20/2015,0.000771
07/21/2015,-0.004262
07/22/2015,-0.002388
07/23/2015,-0.005676
07/24/2015,-0.010703
07/27/2015,-0.005775
07/28/2015,0.012386
07/29/2015,0.007319
07/30/2015,0.000028
07/31/2015,-0.002272
08/03/2015,-0.002757
08/04/2015,-0.002250
08/05/2015,0.003115
08/06/2015,-0.007753
08/07/2015,-0.002875
08/10/2015,0.012808
08/11/2015,-0.009557
08/12/2015,0.000950
08/13/2015,-0.001275
08/14/2015,0.003912
08/17/2015,0.005211
08/18/2015,-0.002626
08/19/2015,-0.008255
08/20/2015,-0.021100
08/21/2015,-0.031851
08/24/2015,-0.039414
08/25/2015,-0.013522
08/26/2015,0.039034
08/27/2015,0.024298
08/28/2015,0.000609
08/31/2015,-0.008392
09/01/2015,-0.029576
09/02/2015,0.018293
09/03/2015,0.001165
09/04/2015,-0.015330
09/08/2015,0.025083
09/09/2015,-0.013898
09/10/2015,0.005278
09/11/2015,0.004487
09/14/2015,-0.004090
09/15/2015,0.012831
09/16/2015,0.008705
09/17/2015,-0.002561
09/18/2015,-0.016164
09/21/2015,0.004566
09/22/2015,-0.012318
09/23/2015,-0.002049
09/24/2015,-0.003363
09/25/2015,-0.000466
09/28/2015,-0.025666
09/29/2015,0.001233
09/30/2015,0.019076
10/01/2015,0.001974
10/02/2015,0.014315
10/05/2015,0.018290
10/06/2015,-0.003588
10/07/2015,0.008036
10/08/2015,0.008818
10/09/2015,0.000725
10/12/2015,0.001276
10/13/2015,-0.006825
10/14/2015,-0.004716
10/15/2015,0.014853
10/16/2015,0.004570
10/19/2015,0.000271
10/20/2015,-0.001421
10/21/2015,-0.005825
10/22/2015,0.016628
10/23/2015,0.011030
10/26/2015,-0.001913
10/27/2015,-0.002554
10/28/2015,0.011840
10/29/2015,-0.000450
10/30/2015,-0.004810
11/02/2015,0.011874
11/03/2015,0.002728
11/04/2015,-0.003545
11/05/2015,-0.001132
11/06/2015,-0.000348
11/09/2015,-0.009823
11/10/2015,0.001511
11/11/2015,-0.003228
11/12/2015,-0.013990
11/13/2015,-0.011207
11/16/2015,0.014903
11/17/2015,-0.001339
11/18/2015,0.016162
11/19/2015,-0.001123
11/20/2015,0.003810
11/23/2015,-0.001235
11/24/2015,0.001222
11/25/2015,-0.000129
11/27/2015,0.000594
11/30/2015,-0.004641
12/01/2015,0.010681
12/02/2015,-0.010996
12/03/2015,-0.014374
12/04/2015,0.020526
12/07/2015,-0.006990
12/08/2015,-0.006490
12/09/2015,-0.007739
12/10/2015,0.002251
12/11/2015,-0.019423
12/14/2015,0.004756
12/15/2015,0.010619
12/16/2015,0.014515
12/17/2015,-0.015041
12/18/2015,-0.017797
12/21/2015,0.007778
12/22/2015,0.008817
12/23/2015,0.012418
12/24/2015,-0.001599
12/28/2015,-0.002179
12/29/2015,0.010630
12/30/2015,-0.007217
12/31/2015,-0.009412
01/04/2016,-0.015304
01/05/2016,0.002012
01/06/2016,-0.013115
01/07/2016,-0.023700
01/08/2016,-0.010838
01/11/2016,0.000853
01/12/2016,0.007803
01/13/2016,-0.024965
01/14/2016,0.016696
01/15/2016,-0.021599
01/19/2016,0.000532
01/20/2016,-0.011694
01/21/2016,0.005195
01/22/2016,0.020284
01/25/2016,-0.015638
01/26/2016,0.014144
01/27/2016,-0.010863
01/28/2016,0.005529
01/29/2016,0.024760
02/01/2016,-0.000443
02/02/2016,-0.018743
02/03/2016,0.004992
02/04/2016,0.001527
02/05/2016,-0.018481
02/08/2016,-0.014154
02/09/2016,-0.000664
02/10/2016,-0.000189
02/11/2016,-0.012301
02/12/2016,0.019518
02/16/2016,0.016517
02/17/2016,0.016480
02/18/2016,-0.004666
02/19/2016,-0.000026
02/22/2016,0.014454
02/23/2016,-0.012454
02/24/2016,0.004440
02/25/2016,0.011348
02/26/2016,-0.001870
02/29/2016,-0.008121
03/01/2016,0.023869
03/02/2016,0.004094
03/03/2016,0.003499
03/04/2016,0.003306
03/07/2016,0.000885
03/08/2016,-0.011240
03/09/2016,0.005052
03/10/2016,0.000156
03/11/2016,0.016396
03/14/2016,-0.001261
03/15/2016,-0.001837
03/16/2016,0.005600
03/17/2016,0.006595
03/18/2016,0.004406
03/21/2016,0.000986
03/22/2016,-0.000877
03/23/2016,-0.006386
03/24/2016,-0.000378
03/28/2016,0.000545
03/29/2016,0.008817
03/30/2016,0.004350
03/31/2016,-0.002040
04/01/2016,0.006331
04/04/2016,-0.003208
04/05/2016,-0.010145
04/06/2016,0.010508
04/07/2016,-0.011976
04/08/2016,0.002787
04/11/2016,-0.002740
04/12/2016,0.009662
04/13/2016,0.010040
04/14/2016,0.000173
04/15/2016,-0.000984
04/18/2016,0.006541
04/19/2016,0.003085
04/20/2016,0.000762
04/21/2016,-0.005194
04/22/2016,0.000048
04/25/2016,-0.001812
04/26/2016,0.001873
04/27/2016,0.001649
04/28/2016,-0.009231
04/29/2016,-0.005063
05/02/2016,0.007810
05/03/2016,-0.008677
05/04/2016,-0.005937
05/05/2016,-0.000239
05/06/2016,0.003175
05/09/2016,0.000753
05/10/2016,0.012484
05/11/2016,-0.009562
05/12/2016,-0.000170
05/13/2016,-0.008478
05/16/2016,0.009797
05/17/2016,-0.009411
05/18/2016,0.000205
05/19/2016,-0.003707
05/20/2016,0.006019
05/23/2016,-0.002085
05/24/2016,0.013681
05/25/2016,0.006975
05/26/2016,-0.000210
05/27/2016,0.004287
05/31/2016,-0.001000
06/01/2016,0.001130
06/02/2016,0.002825
06/03/2016,-0.002912
06/06/2016,0.004897
06/07/2016,0.001289
06/08/2016,0.003309
06/09/2016,-0.001718
06/10/2016,-0.009175
06/13/2016,-0.008115
06/14/2016,-0.001799
06/15/2016,-0.001841
06/16/2016,0.003133
06/17/2016,-0.003258
06/20/2016,0.005808
06/21/2016,0.002712
06/22/2016,-0.001652
06/23/2016,0.013364
06/24/2016,-0.035920
06/27/2016,-0.018097
06/28/2016,0.017770
06/29/2016,0.017033
06/30/2016,0.013565
07/01/2016,0.001949
07/05/2016,-0.006848
07/06/2016,0.005353
07/07/2016,-0.000872
07/08/2016,0.015253
07/11/2016,0.003409
07/12/2016,0.007009
07/13/2016,0.000135
07/14/2016,0.005259
07/15/2016,-0.000929
07/18/2016,0.002382
07/19/2016,-0.001435
07/20/2016,0.004270
07/21/2016,-0.003612
07/22/2016,0.004554
07/25/2016,-0.003011
07/26/2016,0.000323
07/27/2016,-0.001199
07/28/2016,0.001606
07/29/2016,0.001631
08/01/2016,-0.001270
08/02/2016,-0.006362
08/03/2016,0.003134
08/04/2016,0.000213
08/05/2016,0.008603
08/08/2016,-0.000907
08/09/2016,0.000390
08/10/2016,-0.002865
08/11/2016,0.004735
08/12/2016,-0.000796
08/15/2016,0.002793
08/16/2016,-0.005479
08/17/2016,0.001869
08/18/2016,0.002200
08/19/2016,-0.001440
08/22/2016,-0.000563
08/23/2016,0.001952
08/24/2016,-0.005240
08/25/2016,-0.001365
08/26/2016,-0.001579
08/29/2016,0.005228
08/30/2016,-0.001954
08/31/2016,-0.002376
09/01/2016,-0.000041
09/02/2016,0.004201
09/06/2016,0.002982
09/07/2016,-0.000146
09/08/2016,-0.002223
09/09/2016,-0.024522
09/12/2016,0.014677
09/13/2016,-0.014831
09/14/2016,-0.000588
09/15/2016,0.010109
09/16/2016,-0.003772
09/19/2016,-0.000019
09/20/2016,0.000299
09/21/2016,0.010917
09/22/2016,0.006500
09/23/2016,-0.005737
09/26/2016,-0.008588
09/27/2016,0.006444
09/28/2016,0.005296
09/29/2016,-0.009321
09/30/2016,0.007968
10/03/2016,-0.003261
10/04/2016,-0.004956
10/05/2016,0.004297
10/06/2016,0.000482
10/07/2016,-0.003253
10/10/2016,0.004606
10/11/2016,-0.012447
10/12/2016,0.001147
10/13/2016,-0.003099
10/14/2016,0.000202
10/17/2016,-0.003038
10/18/2016,0.006160
10/19/2016,0.002192
10/20/2016,-0.001376
10/21/2016,-0.000084
10/24/2016,0.004750
10/25/2016,-0.003798
10/26/2016,-0.001740
10/27/2016,-0.002987
10/28/2016,-0.003108
10/31/2016,-0.000122
11/01/2016,-0.006787
11/02/2016,-0.006525
11/03/2016,-0.004423
11/04/2016,-0.001666
11/07/2016,0.022224
11/08/2016,0.003772
11/09/2016,0.011077
11/10/2016,0.001951
11/11/2016,-0.001398
11/14/2016,-0.000116
11/15/2016,0.007481
11/16/2016,-0.001582
11/17/2016,0.004676
11/18/2016,-0.002387
11/21/2016,0.007461
11/22/2016,0.002165
11/23/2016,0.000808
11/25/2016,0.003914
11/28/2016,-0.005254
11/29/2016,0.001335
11/30/2016,-0.002653
12/01/2016,-0.003516
12/02/2016,0.000397
12/05/2016,0.005821
12/06/2016,0.003411
12/07/2016,0.013163
12/08/2016,0.002159
12/09/2016,0.005939
12/12/2016,-0.001137
12/13/2016,0.006540
12/14/2016,-0.008117
12/15/2016,0.003883
12/16/2016,-0.001751
12/19/2016,0.001975
12/20/2016,0.003638
12/21/2016,-0.002457
12/22/2016,-0.001863
12/23/2016,0.001252
12/27/2016,0.002248
12/28/2016,-0.008357
12/29/2016,-0.000293
12/30/2016,-0.004637
01/03/2017,0.008487
01/04/2017,0.005722
01/05/2017,-0.000771
01/06/2017,0.003517
01/09/2017,-0.003549
01/10/2017,0.000000
01/11/2017,0.002830
01/12/2017,-0.002145
01/13/2017,0.001850
01/17/2017,-0.002968
01/18/2017,0.001764
01/19/2017,-0.003609
01/20/2017,0.003366
01/23/2017,-0.002690
01/24/2017,0.006565
01/25/2017,0.008026
01/26/2017,-0.000735
01/27/2017,-0.000866
01/30/2017,-0.006010
01/31/2017,-0.000890
02/01/2017,0.000298
02/02/2017,0.000570
02/03/2017,0.007265
02/06/2017,-0.002115
02/07/2017,0.000227
02/08/2017,0.000693
02/09/2017,0.005752
02/10/2017,0.003566
02/13/2017,0.005246
02/14/2017,0.004007
02/15/2017,0.004992
02/16/2017,-0.000864
02/17/2017,0.001679
02/21/2017,0.006048
02/22/2017,-0.001082
02/23/2017,0.000419
02/24/2017,0.001493
02/27/2017,0.001018
02/28/2017,-0.002578
03/01/2017,0.013674
03/02/2017,-0.005860
03/03/2017,0.000504
03/06/2017,-0.003277
03/07/2017,-0.002913
03/08/2017,-0.002284
03/09/2017,0.000800
03/10/2017,0.003269
03/13/2017,0.000367
03/14/2017,-0.003379
03/15/2017,0.008375
03/16/2017,-0.001627
03/17/2017,-0.001314
03/20/2017,-0.002010
03/21/2017,-0.012408
03/22/2017,0.001890
03/23/2017,-0.001060
03/24/2017,-0.000844
03/27/2017,-0.001020
03/28/2017,0.007251
03/29/2017,0.001085
03/30/2017,0.002935
03/31/2017,-0.002255
04/03/2017,-0.001642
04/04/2017,0.000560
04/05/2017,-0.003055
04/06/2017,0.001929
04/07/2017,-0.000827
04/10/2017,0.000688
04/11/2017,-0.001434
04/12/2017,-0.003760
04/13/2017,-0.006815
04/17/2017,0.008613
04/18/2017,-0.002903
04/19/2017,-0.001716
04/20/2017,0.007557
04/21/2017,-0.003035
04/24/2017,0.010840
04/25/2017,0.006091
04/26/2017,-0.000486
04/27/2017,0.000553
04/28/2017,-0.001913
05/01/2017,0.001732
05/02/2017,0.001189
05/03/2017,-0.001271
05/04/2017,0.000582
05/05/2017,0.004089
05/08/2017,0.000038
05/09/2017,-0.001025
05/10/2017,0.001131
05/11/2017,-0.002163
05/12/2017,-0.001478
05/15/2017,0.004776
05/16/2017,-0.000687
05/17/2017,-0.018178
05/18/2017,0.003687
05/19/2017,0.006767
05/22/2017,0.005160
05/23/2017,0.001838
05/24/2017,0.002489
05/25/2017,0.004442
05/26/2017,0.000311
05/30/2017,-0.001205
05/31/2017,-0.000460
06/01/2017,0.007571
06/02/2017,0.003708
06/05/2017,-0.001218
06/06/2017,-0.002779
06/07/2017,0.001568
06/08/2017,0.000267
06/09/2017,-0.000830
06/12/2017,-0.000979
06/13/2017,0.004511
06/14/2017,-0.000996
06/15/2017,-0.002240
06/16/2017,0.000284
06/19/2017,0.008347
06/20/2017,-0.006697
06/21/2017,-0.000583
06/22/2017,-0.000456
06/23/2017,0.001561
06/26/2017,0.000316
06/27/2017,-0.008073
06/28/2017,0.008808
06/29/2017,-0.008600
06/30/2017,0.001533
07/03/2017,0.002311
07/05/2017,0.001453
07/06/2017,-0.009369
07/07/2017,0.006403
07/10/2017,0.000928
07/11/2017,-0.000783
07/12/2017,0.007306
07/13/2017,0.001875
07/14/2017,0.004674
07/17/2017,-0.000053
07/18/2017,0.000598
07/19/2017,0.005373
07/20/2017,-0.000154
07/21/2017,-0.000368
07/24/2017,-0.001064
07/25/2017,0.002923
07/26/2017,0.000283
07/27/2017,-0.000973
07/28/2017,-0.001341
07/31/2017,-0.000728
08/01/2017,0.002449
08/02/2017,0.000493
08/03/2017,-0.002184
08/04/2017,0.001889
08/07/2017,0.001647
08/08/2017,-0.002414
08/09/2017,-0.000364
08/10/2017,-0.014474
08/11/2017,0.001276
08/14/2017,0.010044
08/15/2017,-0.000499
08/16/2017,0.001420
08/17/2017,-0.015437
08/18/2017,-0.001835
08/21/2017,0.001163
08/22/2017,0.009941
08/23/2017,-0.003454
08/24/2017,-0.002074
08/25/2017,0.001673
08/28/2017,0.000487
08/29/2017,0.000843
08/30/2017,0.004615
08/31/2017,0.005721
09/01/2017,0.001982
09/05/2017,-0.007551
09/06/2017,0.003129
09/07/2017,-0.000178
09/08/2017,-0.001489
09/11/2017,0.010839
09/12/2017,0.003364
09/13/2017,0.000757
09/14/2017,-0.001101
09/15/2017,0.001847
09/18/2017,0.001456
09/19/2017,0.001110
09/20/2017,0.000634
09/21/2017,-0.003046
09/22/2017,0.000648
09/25/2017,-0.002222
09/26/2017,0.000072
09/27/2017,0.004085
09/28/2017,0.001205
09/29/2017,0.003705
10/02/2017,0.003874
10/03/2017,0.002159
10/04/2017,0.001247
10/05/2017,0.005647
10/06/2017,-0.001074
10/09/2017,-0.001804
10/10/2017,0.002322
10/11/2017,0.001803
10/12/2017,-0.001687
10/13/2017,0.000878
10/16/2017,0.001751
10/17/2017,0.000672
10/18/2017,0.000742
10/19/2017,0.000328
10/20/2017,0.005117
10/23/2017,-0.003972
10/24/2017,0.001618
10/25/2017,-0.004663
10/26/2017,0.001271
10/27/2017,0.008073
10/30/2017,-0.003192
10/31/2017,0.000944
11/01/2017,0.001592
11/02/2017,0.000190
11/03/2017,0.003097
11/06/2017,0.001271
11/07/2017,-0.000189
11/08/2017,0.001444
11/09/2017,-0.003762
11/10/2017,-0.000898
11/13/2017,0.000984
11/14/2017,-0.002310
11/15/2017,-0.005526
11/16/2017,0.008196
11/17/2017,-0.002626
11/20/2017,0.001276
11/21/2017,0.006541
11/22/2017,-0.000750
11/24/2017,0.002056
11/27/2017,-0.000384
11/28/2017,0.009848
11/29/2017,-0.000369
11/30/2017,0.008191
12/01/2017,-0.002024
12/04/2017,-0.001052
12/05/2017,-0.003739
12/06/2017,-0.000114
12/07/2017,0.002932
12/08/2017,0.005506
12/11/2017,0.003202
12/12/2017,0.001549
12/13/2017,-0.000473
12/14/2017,-0.004071
12/15/2017,0.008974
12/18/2017,0.005363
12/19/2017,-0.003230
12/20/2017,-0.000828
12/21/2017,0.001986
12/22/2017,-0.000458
12/26/2017,-0.001058
12/27/2017,0.000791
12/28/2017,0.001834
12/29/2017,-0.005183
01/02/2018,0.008303
01/03/2018,0.006399
01/04/2018,0.004029
01/05/2018,0.007034
01/08/2018,0.001662
01/09/2018,0.001303
01/10/2018,-0.001112
01/11/2018,0.007034
01/12/2018,0.006750
01/16/2018,-0.003524
01/17/2018,0.009415
01/18/2018,-0.001616
01/19/2018,0.004385
01/22/2018,0.008067
01/23/2018,0.002174
01/24/2018,-0.000560
01/25/2018,0.000603
01/26/2018,0.011841
01/29/2018,-0.006732
01/30/2018,-0.010899
01/31/2018,0.000489
02/01/2018,-0.000648
02/02/2018,-0.021209
02/05/2018,-0.040979
02/06/2018,0.017441
02/07/2018,-0.005002
02/08/2018,-0.037536
02/09/2018,0.014936
02/12/2018,0.013915
02/13/2018,0.002613
02/14/2018,0.013402
02/15/2018,0.012069
02/16/2018,0.000373
02/20/2018,-0.005841
02/21/2018,-0.005497
02/22/2018,0.000974
02/23/2018,0.016028
02/26/2018,0.011757
02/27/2018,-0.012707
02/28/2018,-0.011096
03/01/2018,-0.013324
03/02/2018,0.005072
03/05/2018,0.011032
03/06/2018,0.002639
03/07/2018,-0.000484
03/08/2018,0.004463
03/09/2018,0.017379
03/12/2018,-0.001274
03/13/2018,-0.006364
03/14/2018,-0.005724
03/15/2018,-0.000782
03/16/2018,0.001703
03/19/2018,-0.014204
03/20/2018,0.001482
03/21/2018,-0.001844
03/22/2018,-0.025163
03/23/2018,-0.020967
03/26/2018,0.027157
03/27/2018,-0.017276
03/28/2018,-0.002917
03/29/2018,0.013770
04/02/2018,-0.022337
04/03/2018,0.012615
04/04/2018,0.011566
04/05/2018,0.006863
04/06/2018,-0.021920
04/09/2018,0.003337
04/10/2018,0.016727
04/11/2018,-0.005525
04/12/2018,0.008251
04/13/2018,-0.002887
04/16/2018,0.008109
04/17/2018,0.010662
04/18/2018,0.000831
04/19/2018,-0.005726
04/20/2018,-0.008537
04/23/2018,0.000056
04/24/2018,-0.013381
04/25/2018,0.001837
04/26/2018,0.010434
04/27/2018,0.001114
04/30/2018,-0.008188
05/01/2018,0.002549
05/02/2018,-0.007206
05/03/2018,-0.002254
05/04/2018,0.012811
05/07/2018,0.003458
05/08/2018,-0.000266
05/09/2018,0.009682
05/10/2018,0.009371
05/11/2018,0.001708
05/14/2018,0.000884
05/15/2018,-0.006842
05/16/2018,0.004061
05/17/2018,-0.000856
05/18/2018,-0.002632
05/21/2018,0.007387
05/22/2018,-0.003136
05/23/2018,0.003248
05/24/2018,-0.002023
05/25/2018,-0.002357
05/29/2018,-0.011564
05/30/2018,0.012696
05/31/2018,-0.006880
06/01/2018,0.010849
06/04/2018,0.004480
06/05/2018,0.000703
06/06/2018,0.008567
06/07/2018,-0.000714
06/08/2018,0.003126
06/11/2018,0.001069
06/12/2018,0.001743
06/13/2018,-0.004026
06/14/2018,0.002472
06/15/2018,-0.001017
06/18/2018,-0.002126
06/19/2018,-0.004023
06/20/2018,0.001712
06/21/2018,-0.006345
06/22/2018,0.001862
06/25/2018,-0.013725
06/26/2018,0.002205
06/27/2018,-0.008604
06/28/2018,0.006179
06/29/2018,0.000758
07/02/2018,0.003068
07/03/2018,-0.004947
07/05/2018,0.008621
07/06/2018,0.008481
07/09/2018,0.008823
07/10/2018,0.003473
07/11/2018,-0.007094
07/12/2018,0.008749
07/13/2018,0.001079
07/16/2018,-0.001028
07/17/2018,0.003974
07/18/2018,0.002160
07/19/2018,-0.003953
07/20/2018,-0.000948
07/23/2018,0.001838
07/24/2018,0.004781
07/25/2018,0.009102
07/26/2018,-0.003032
07/27/2018,-0.006562
07/30/2018,-0.005754
07/31/2018,0.004885
08/01/2018,-0.001040
08/02/2018,0.004926
08/03/2018,0.004644
08/06/2018,0.003538
08/07/2018,0.002824
08/08/2018,-0.000262
08/09/2018,-0.001442
08/10/2018,-0.007114
08/13/2018,-0.004006
08/14/2018,0.006389
08/15/2018,-0.007602
08/16/2018,0.007919
08/17/2018,0.003323
08/20/2018,0.002428
08/21/2018,0.002069
08/22/2018,-0.000398
08/23/2018,-0.001691
08/24/2018,0.006199
08/27/2018,0.007670
08/28/2018,0.000269
08/29/2018,0.005701
08/30/2018,-0.004430
08/31/2018,0.000134
09/04/2018,-0.001654
09/05/2018,-0.002803
09/06/2018,-0.003652
09/07/2018,-0.002213
09/10/2018,0.001898
09/11/2018,0.003740
09/12/2018,0.000357
09/13/2018,0.005282
09/14/2018,0.000275
09/17/2018,-0.005570
09/18/2018,0.005369
09/19/2018,0.001253
09/20/2018,0.007841
09/21/2018,-0.000369
09/24/2018,-0.003516
09/25/2018,-0.001305
09/26/2018,-0.003289
09/27/2018,0.002763
09/28/2018,-0.000007
10/01/2018,0.003641
10/02/2018,-0.000397
10/03/2018,0.000711
10/04/2018,-0.008170
10/05/2018,-0.005528
10/08/2018,-0.000395
10/09/2018,-0.001418
10/10/2018,-0.032864
10/11/2018,-0.020573
10/12/2018,0.014206
10/15/2018,-0.005905
10/16/2018,0.021496
10/17/2018,-0.000253
10/18/2018,-0.014392
10/19/2018,-0.000361
10/22/2018,-0.004299
10/23/2018,-0.005512
10/24/2018,-0.030864
10/25/2018,0.018625
10/26/2018,-0.017327
10/29/2018,-0.006560
10/30/2018,0.015667
10/31/2018,0.010851
11/01/2018,0.010558
11/02/2018,-0.006317
11/05/2018,0.005600
11/06/2018,0.006259
11/07/2018,0.021209
11/08/2018,-0.002509
11/09/2018,-0.009199
11/12/2018,-0.019701
11/13/2018,-0.001482
11/14/2018,-0.007567
11/15/2018,0.010594
11/16/2018,0.002223
11/19/2018,-0.016643
11/20/2018,-0.018151
11/21/2018,0.003043
11/23/2018,-0.006555
11/26/2018,0.015532
11/27/2018,0.003262
11/28/2018,0.022974
11/29/2018,-0.002198
11/30/2018,0.008186
12/03/2018,0.010941
12/04/2018,-0.032365
12/06/2018,-0.001522
12/07/2018,-0.023320
12/10/2018,0.001762
12/11/2018,-0.000356
12/12/2018,0.005419
12/13/2018,-0.000200
12/14/2018,-0.019087
12/17/2018,-0.020773
12/18/2018,0.000086
12/19/2018,-0.015396
12/20/2018,-0.015772
12/21/2018,-0.020588
12/24/2018,-0.027112
12/26/2018,0.049594
12/27/2018,0.008563
12/28/2018,-0.001242
12/31/2018,0.008492
01/02/2019,0.001269
01/03/2019,-0.024757
01/04/2019,0.034336
01/07/2019,0.007010
01/08/2019,0.009695
01/09/2019,0.004098
01/10/2019,0.004518
01/11/2019,-0.000146
01/14/2019,-0.005258
01/15/2019,0.010722
01/16/2019,0.002222
01/17/2019,0.007591
01/18/2019,0.013183
01/22/2019,-0.014157
01/23/2019,0.002203
01/24/2019,0.001376
01/25/2019,0.008489
01/28/2019,-0.007847
01/29/2019,-0.001456
01/30/2019,0.015549
01/31/2019,0.008597
